Series,Model,Origin,Target_Year,Horizon,Actual,Predicted,Error,AbsError,APE
Arhar(Tur),Naive,2019,2020,1,6000.0,5800.0,-200.0,200.0,3.33
Arhar(Tur),Naive,2019,2021,2,6300.0,5800.0,-500.0,500.0,7.94
Arhar(Tur),Drift,2019,2020,1,6000.0,5975.0,-25.0,25.0,0.42
Arhar(Tur),Drift,2019,2021,2,6300.0,6150.0,-150.0,150.0,2.38
Arhar(Tur),Linear,2019,2020,1,6000.0,5991.67,-8.33,8.33,0.14
Arhar(Tur),Linear,2019,2021,2,6300.0,6166.67,-133.33,133.33,2.12
Arhar(Tur),RidgePoly2,2019,2020,1,6000.0,6014.67,14.67,14.67,0.24
Arhar(Tur),RidgePoly2,2019,2021,2,6300.0,6286.17,-13.83,13.83,0.22
Arhar(Tur),CAGR,2019,2020,1,6000.0,6001.99,1.99,1.99,0.03
Arhar(Tur),CAGR,2019,2021,2,6300.0,6191.71,-108.29,108.29,1.72
Arhar(Tur),Holt,2019,2020,1,6000.0,5991.67,-8.33,8.33,0.14
Arhar(Tur),Holt,2019,2021,2,6300.0,6166.67,-133.33,133.33,2.12
Arhar(Tur),"ARIMA(1,1,0)",2019,2020,1,6000.0,5905.13,-94.87,94.87,1.58
Arhar(Tur),"ARIMA(1,1,0)",2019,2021,2,6300.0,5993.54,-306.46,306.46,4.86
Arhar(Tur),RandomForest,2019,2020,1,6000.0,5752.58,-247.42,247.42,4.12
Arhar(Tur),RandomForest,2019,2021,2,6300.0,5752.58,-547.42,547.42,8.69
Arhar(Tur),GradBoost,2019,2020,1,6000.0,5800.0,-200.0,200.0,3.33
Arhar(Tur),GradBoost,2019,2021,2,6300.0,5800.0,-500.0,500.0,7.94
Arhar(Tur),Ensemble,2019,2020,1,6000.0,5991.67,-8.33,8.33,0.14
Arhar(Tur),Ensemble,2019,2021,2,6300.0,6166.67,-133.33,133.33,2.12
Arhar(Tur),Naive,2020,2021,1,6300.0,6000.0,-300.0,300.0,4.76
Arhar(Tur),Drift,2020,2021,1,6300.0,6183.33,-116.67,116.67,1.85
Arhar(Tur),Linear,2020,2021,1,6300.0,6175.0,-125.0,125.0,1.98
Arhar(Tur),RidgePoly2,2020,2021,1,6300.0,6216.89,-83.11,83.11,1.32
Arhar(Tur),CAGR,2020,2021,1,6300.0,6189.66,-110.34,110.34,1.75
Arhar(Tur),Holt,2020,2021,1,6300.0,6175.0,-125.0,125.0,1.98
Arhar(Tur),"ARIMA(1,1,0)",2020,2021,1,6300.0,6175.4,-124.6,124.6,1.98
Arhar(Tur),RandomForest,2020,2021,1,6300.0,5918.67,-381.33,381.33,6.05
Arhar(Tur),GradBoost,2020,2021,1,6300.0,6000.0,-300.0,300.0,4.76
Arhar(Tur),Ensemble,2020,2021,1,6300.0,6179.17,-120.83,120.83,1.92
Bajra,Naive,2019,2020,1,2150.0,2000.0,-150.0,150.0,6.98
Bajra,Naive,2019,2021,2,2250.0,2000.0,-250.0,250.0,11.11
Bajra,Drift,2019,2020,1,2150.0,2287.5,137.5,137.5,6.4
Bajra,Drift,2019,2021,2,2250.0,2575.0,325.0,325.0,14.44
Bajra,Linear,2019,2020,1,2150.0,2366.67,216.67,216.67,10.08
Bajra,Linear,2019,2021,2,2250.0,2654.17,404.17,404.17,17.96
Bajra,RidgePoly2,2019,2020,1,2150.0,2323.67,173.67,173.67,8.08
Bajra,RidgePoly2,2019,2021,2,2250.0,2667.17,417.17,417.17,18.54
Bajra,CAGR,2019,2020,1,2150.0,2486.04,336.04,336.04,15.63
Bajra,CAGR,2019,2021,2,2250.0,2945.21,695.21,695.21,30.9
Bajra,Holt,2019,2020,1,2150.0,2366.67,216.67,216.67,10.08
Bajra,Holt,2019,2021,2,2250.0,2654.17,404.17,404.17,17.96
Bajra,"ARIMA(1,1,0)",2019,2020,1,2150.0,2025.47,-124.53,124.53,5.79
Bajra,"ARIMA(1,1,0)",2019,2021,2,2250.0,2038.45,-211.55,211.55,9.4
Bajra,RandomForest,2019,2020,1,2150.0,1965.08,-184.92,184.92,8.6
Bajra,RandomForest,2019,2021,2,2250.0,1965.08,-284.92,284.92,12.66
Bajra,GradBoost,2019,2020,1,2150.0,2000.0,-150.0,150.0,6.98
Bajra,GradBoost,2019,2021,2,2250.0,2000.0,-250.0,250.0,11.11
Bajra,Ensemble,2019,2020,1,2150.0,2366.67,216.67,216.67,10.08
Bajra,Ensemble,2019,2021,2,2250.0,2654.17,404.17,404.17,17.96
Bajra,Naive,2020,2021,1,2250.0,2150.0,-100.0,100.0,4.44
Bajra,Drift,2020,2021,1,2250.0,2391.67,141.67,141.67,6.3
Bajra,Linear,2020,2021,1,2250.0,2437.5,187.5,187.5,8.33
Bajra,RidgePoly2,2020,2021,1,2250.0,2401.55,151.55,151.55,6.74
Bajra,CAGR,2020,2021,1,2250.0,2547.1,297.1,297.1,13.2
Bajra,Holt,2020,2021,1,2250.0,2437.5,187.5,187.5,8.33
Bajra,"ARIMA(1,1,0)",2020,2021,1,2250.0,2235.6,-14.4,14.4,0.64
Bajra,RandomForest,2020,2021,1,2250.0,2089.83,-160.17,160.17,7.12
Bajra,GradBoost,2020,2021,1,2250.0,2150.0,-100.0,100.0,4.44
Bajra,Ensemble,2020,2021,1,2250.0,2437.5,187.5,187.5,8.33
Barley,Naive,2019,2020,1,1600.0,1525.0,-75.0,75.0,4.69
Barley,Naive,2019,2021,2,1635.0,1525.0,-110.0,110.0,6.73
Barley,Drift,2019,2020,1,1600.0,1582.5,-17.5,17.5,1.09
Barley,Drift,2019,2021,2,1635.0,1640.0,5.0,5.0,0.31
Barley,Linear,2019,2020,1,1600.0,1573.33,-26.67,26.67,1.67
Barley,Linear,2019,2021,2,1635.0,1630.83,-4.17,4.17,0.25
Barley,RidgePoly2,2019,2020,1,1600.0,1603.73,3.73,3.73,0.23
Barley,RidgePoly2,2019,2021,2,1635.0,1721.93,86.93,86.93,5.32
Barley,CAGR,2019,2020,1,1600.0,1576.41,-23.59,23.59,1.47
Barley,CAGR,2019,2021,2,1635.0,1639.43,4.43,4.43,0.27
Barley,Holt,2019,2020,1,1600.0,1573.33,-26.67,26.67,1.67
Barley,Holt,2019,2021,2,1635.0,1630.83,-4.17,4.17,0.25
Barley,"ARIMA(1,1,0)",2019,2020,1,1600.0,1579.5,-20.5,20.5,1.28
Barley,"ARIMA(1,1,0)",2019,2021,2,1635.0,1614.44,-20.56,20.56,1.26
Barley,RandomForest,2019,2020,1,1600.0,1497.27,-102.73,102.73,6.42
Barley,RandomForest,2019,2021,2,1635.0,1497.27,-137.73,137.73,8.42
Barley,GradBoost,2019,2020,1,1600.0,1525.0,-75.0,75.0,4.69
Barley,GradBoost,2019,2021,2,1635.0,1525.0,-110.0,110.0,6.73
Barley,Ensemble,2019,2020,1,1600.0,1574.87,-25.13,25.13,1.57
Barley,Ensemble,2019,2021,2,1635.0,1635.13,0.13,0.13,0.01
Barley,Naive,2020,2021,1,1635.0,1600.0,-35.0,35.0,2.14
Barley,Drift,2020,2021,1,1635.0,1663.33,28.33,28.33,1.73
Barley,Linear,2020,2021,1,1635.0,1657.5,22.5,22.5,1.38
Barley,RidgePoly2,2020,2021,1,1635.0,1686.92,51.92,51.92,3.18
Barley,CAGR,2020,2021,1,1635.0,1663.97,28.97,28.97,1.77
Barley,Holt,2020,2021,1,1635.0,1657.5,22.5,22.5,1.38
Barley,"ARIMA(1,1,0)",2020,2021,1,1635.0,1660.59,25.59,25.59,1.56
Barley,RandomForest,2020,2021,1,1635.0,1567.07,-67.93,67.93,4.15
Barley,GradBoost,2020,2021,1,1635.0,1600.0,-35.0,35.0,2.14
Barley,Ensemble,2020,2021,1,1635.0,1660.42,25.42,25.42,1.55
Copra (Ball),Naive,2019,2020,1,10300.0,9920.0,-380.0,380.0,3.69
Copra (Ball),Naive,2019,2021,2,10600.0,9920.0,-680.0,680.0,6.42
Copra (Ball),Drift,2019,2020,1,10300.0,11487.5,1187.5,1187.5,11.53
Copra (Ball),Drift,2019,2021,2,10600.0,13055.0,2455.0,2455.0,23.16
Copra (Ball),Linear,2019,2020,1,10300.0,11286.67,986.67,986.67,9.58
Copra (Ball),Linear,2019,2021,2,10600.0,12854.17,2254.17,2254.17,21.27
Copra (Ball),RidgePoly2,2019,2020,1,10300.0,12038.87,1738.87,1738.87,16.88
Copra (Ball),RidgePoly2,2019,2021,2,10600.0,15163.97,4563.97,4563.97,43.06
Copra (Ball),CAGR,2019,2020,1,10300.0,11769.27,1469.27,1469.27,14.26
Copra (Ball),CAGR,2019,2021,2,10600.0,14230.84,3630.84,3630.84,34.25
Copra (Ball),Holt,2019,2020,1,10300.0,11286.7,986.7,986.7,9.58
Copra (Ball),Holt,2019,2021,2,10600.0,12854.21,2254.21,2254.21,21.27
Copra (Ball),"ARIMA(1,1,0)",2019,2020,1,10300.0,10571.81,271.81,271.81,2.64
Copra (Ball),"ARIMA(1,1,0)",2019,2021,2,10600.0,10767.6,167.6,167.6,1.58
Copra (Ball),RandomForest,2019,2020,1,10300.0,9204.68,-1095.32,1095.32,10.63
Copra (Ball),RandomForest,2019,2021,2,10600.0,9204.68,-1395.32,1395.32,13.16
Copra (Ball),GradBoost,2019,2020,1,10300.0,9920.0,-380.0,380.0,3.69
Copra (Ball),GradBoost,2019,2021,2,10600.0,9920.0,-680.0,680.0,6.42
Copra (Ball),Ensemble,2019,2020,1,10300.0,11387.1,1087.1,1087.1,10.55
Copra (Ball),Ensemble,2019,2021,2,10600.0,12954.61,2354.61,2354.61,22.21
Copra (Ball),Naive,2020,2021,1,10600.0,10300.0,-300.0,300.0,2.83
Copra (Ball),Drift,2020,2021,1,10600.0,11471.67,871.67,871.67,8.22
Copra (Ball),Linear,2020,2021,1,10600.0,11867.5,1267.5,1267.5,11.96
Copra (Ball),RidgePoly2,2020,2021,1,10600.0,12063.11,1463.11,1463.11,13.8
Copra (Ball),CAGR,2020,2021,1,10600.0,12454.27,1854.27,1854.27,17.49
Copra (Ball),Holt,2020,2021,1,10600.0,11867.5,1267.5,1267.5,11.96
Copra (Ball),"ARIMA(1,1,0)",2020,2021,1,10600.0,10406.36,-193.64,193.64,1.83
Copra (Ball),RandomForest,2020,2021,1,10600.0,10000.17,-599.83,599.83,5.66
Copra (Ball),GradBoost,2020,2021,1,10600.0,10300.0,-300.0,300.0,2.83
Copra (Ball),Ensemble,2020,2021,1,10600.0,11867.5,1267.5,1267.5,11.96
Copra (Milling),Naive,2019,2020,1,9960.0,9521.0,-439.0,439.0,4.41
Copra (Milling),Naive,2019,2021,2,10335.0,9521.0,-814.0,814.0,7.88
Copra (Milling),Drift,2019,2020,1,9960.0,11031.5,1071.5,1071.5,10.76
Copra (Milling),Drift,2019,2021,2,10335.0,12542.0,2207.0,2207.0,21.35
Copra (Milling),Linear,2019,2020,1,9960.0,10865.0,905.0,905.0,9.09
Copra (Milling),Linear,2019,2021,2,10335.0,12375.5,2040.5,2040.5,19.74
Copra (Milling),RidgePoly2,2019,2020,1,9960.0,11547.68,1587.68,1587.68,15.94
Copra (Milling),RidgePoly2,2019,2021,2,10335.0,14505.62,4170.62,4170.62,40.35
Copra (Milling),CAGR,2019,2020,1,9960.0,11346.64,1386.64,1386.64,13.92
Copra (Milling),CAGR,2019,2021,2,10335.0,13732.57,3397.57,3397.57,32.87
Copra (Milling),Holt,2019,2020,1,9960.0,10864.99,904.99,904.99,9.09
Copra (Milling),Holt,2019,2021,2,10335.0,12375.48,2040.48,2040.48,19.74
Copra (Milling),"ARIMA(1,1,0)",2019,2020,1,9960.0,10244.62,284.62,284.62,2.86
Copra (Milling),"ARIMA(1,1,0)",2019,2021,2,10335.0,10505.12,170.12,170.12,1.65
Copra (Milling),RandomForest,2019,2020,1,9960.0,8854.13,-1105.87,1105.87,11.1
Copra (Milling),RandomForest,2019,2021,2,10335.0,8854.13,-1480.87,1480.87,14.33
Copra (Milling),GradBoost,2019,2020,1,9960.0,9521.0,-439.0,439.0,4.41
Copra (Milling),GradBoost,2019,2021,2,10335.0,9521.0,-814.0,814.0,7.88
Copra (Milling),Ensemble,2019,2020,1,9960.0,10948.25,988.25,988.25,9.92
Copra (Milling),Ensemble,2019,2021,2,10335.0,12458.75,2123.75,2123.75,20.55
Copra (Milling),Naive,2020,2021,1,10335.0,9960.0,-375.0,375.0,3.63
Copra (Milling),Drift,2020,2021,1,10335.0,11113.33,778.33,778.33,7.53
Copra (Milling),Linear,2020,2021,1,10335.0,11470.5,1135.5,1135.5,10.99
Copra (Milling),RidgePoly2,2020,2021,1,10335.0,11660.6,1325.6,1325.6,12.83
Copra (Milling),CAGR,2020,2021,1,10335.0,12054.35,1719.35,1719.35,16.64
Copra (Milling),Holt,2020,2021,1,10335.0,11470.5,1135.5,1135.5,10.99
Copra (Milling),"ARIMA(1,1,0)",2020,2021,1,10335.0,10127.49,-207.51,207.51,2.01
Copra (Milling),RandomForest,2020,2021,1,10335.0,9650.75,-684.25,684.25,6.62
Copra (Milling),GradBoost,2020,2021,1,10335.0,9960.0,-375.0,375.0,3.63
Copra (Milling),Ensemble,2020,2021,1,10335.0,11470.5,1135.5,1135.5,10.99
Cotton (Long Staple),Naive,2019,2020,1,5825.0,5550.0,-275.0,275.0,4.72
Cotton (Long Staple),Naive,2019,2021,2,6025.0,5550.0,-475.0,475.0,7.88
Cotton (Long Staple),Drift,2019,2020,1,5825.0,6165.0,340.0,340.0,5.84
Cotton (Long Staple),Drift,2019,2021,2,6025.0,6780.0,755.0,755.0,12.53
Cotton (Long Staple),Linear,2019,2020,1,5825.0,6336.67,511.67,511.67,8.78
Cotton (Long Staple),Linear,2019,2021,2,6025.0,6951.67,926.67,926.67,15.38
Cotton (Long Staple),RidgePoly2,2019,2020,1,5825.0,6241.07,416.07,416.07,7.14
Cotton (Long Staple),RidgePoly2,2019,2021,2,6025.0,6971.27,946.27,946.27,15.71
Cotton (Long Staple),CAGR,2019,2020,1,5825.0,6519.29,694.29,694.29,11.92
Cotton (Long Staple),CAGR,2019,2021,2,6025.0,7389.33,1364.33,1364.33,22.64
Cotton (Long Staple),Holt,2019,2020,1,5825.0,6336.67,511.67,511.67,8.78
Cotton (Long Staple),Holt,2019,2021,2,6025.0,6951.67,926.67,926.67,15.38
Cotton (Long Staple),"ARIMA(1,1,0)",2019,2020,1,5825.0,5602.49,-222.51,222.51,3.82
Cotton (Long Staple),"ARIMA(1,1,0)",2019,2021,2,6025.0,5630.04,-394.96,394.96,6.56
Cotton (Long Staple),RandomForest,2019,2020,1,5825.0,5477.23,-347.77,347.77,5.97
Cotton (Long Staple),RandomForest,2019,2021,2,6025.0,5477.23,-547.77,547.77,9.09
Cotton (Long Staple),GradBoost,2019,2020,1,5825.0,5550.0,-275.0,275.0,4.72
Cotton (Long Staple),GradBoost,2019,2021,2,6025.0,5550.0,-475.0,475.0,7.88
Cotton (Long Staple),Ensemble,2019,2020,1,5825.0,6336.67,511.67,511.67,8.78
Cotton (Long Staple),Ensemble,2019,2021,2,6025.0,6951.67,926.67,926.67,15.38
Cotton (Long Staple),Naive,2020,2021,1,6025.0,5825.0,-200.0,200.0,3.32
Cotton (Long Staple),Drift,2020,2021,1,6025.0,6326.67,301.67,301.67,5.01
Cotton (Long Staple),Linear,2020,2021,1,6025.0,6440.0,415.0,415.0,6.89
Cotton (Long Staple),RidgePoly2,2020,2021,1,6025.0,6345.56,320.56,320.56,5.32
Cotton (Long Staple),CAGR,2020,2021,1,6025.0,6602.38,577.38,577.38,9.58
Cotton (Long Staple),Holt,2020,2021,1,6025.0,6440.0,415.0,415.0,6.89
Cotton (Long Staple),"ARIMA(1,1,0)",2020,2021,1,6025.0,5980.86,-44.14,44.14,0.73
Cotton (Long Staple),RandomForest,2020,2021,1,6025.0,5712.97,-312.03,312.03,5.18
Cotton (Long Staple),GradBoost,2020,2021,1,6025.0,5825.0,-200.0,200.0,3.32
Cotton (Long Staple),Ensemble,2020,2021,1,6025.0,6440.0,415.0,415.0,6.89
Cotton (Medium Staple),Naive,2019,2020,1,5515.0,5255.0,-260.0,260.0,4.71
Cotton (Medium Staple),Naive,2019,2021,2,5726.0,5255.0,-471.0,471.0,8.23
Cotton (Medium Staple),Drift,2019,2020,1,5515.0,5872.5,357.5,357.5,6.48
Cotton (Medium Staple),Drift,2019,2021,2,5726.0,6490.0,764.0,764.0,13.34
Cotton (Medium Staple),Linear,2019,2020,1,5515.0,6043.33,528.33,528.33,9.58
Cotton (Medium Staple),Linear,2019,2021,2,5726.0,6660.83,934.83,934.83,16.33
Cotton (Medium Staple),RidgePoly2,2019,2020,1,5515.0,5949.73,434.73,434.73,7.88
Cotton (Medium Staple),RidgePoly2,2019,2021,2,5726.0,6685.93,959.93,959.93,16.76
Cotton (Medium Staple),CAGR,2019,2020,1,5515.0,6240.44,725.44,725.44,13.15
Cotton (Medium Staple),CAGR,2019,2021,2,5726.0,7134.91,1408.91,1408.91,24.61
Cotton (Medium Staple),Holt,2019,2020,1,5515.0,6043.33,528.33,528.33,9.58
Cotton (Medium Staple),Holt,2019,2021,2,5726.0,6660.83,934.83,934.83,16.33
Cotton (Medium Staple),"ARIMA(1,1,0)",2019,2020,1,5515.0,5311.07,-203.93,203.93,3.7
Cotton (Medium Staple),"ARIMA(1,1,0)",2019,2021,2,5726.0,5341.01,-384.99,384.99,6.72
Cotton (Medium Staple),RandomForest,2019,2020,1,5515.0,5180.67,-334.33,334.33,6.06
Cotton (Medium Staple),RandomForest,2019,2021,2,5726.0,5180.67,-545.33,545.33,9.52
Cotton (Medium Staple),GradBoost,2019,2020,1,5515.0,5255.0,-260.0,260.0,4.71
Cotton (Medium Staple),GradBoost,2019,2021,2,5726.0,5255.0,-471.0,471.0,8.23
Cotton (Medium Staple),Ensemble,2019,2020,1,5515.0,6043.33,528.33,528.33,9.58
Cotton (Medium Staple),Ensemble,2019,2021,2,5726.0,6660.83,934.83,934.83,16.33
Cotton (Medium Staple),Naive,2020,2021,1,5726.0,5515.0,-211.0,211.0,3.68
Cotton (Medium Staple),Drift,2020,2021,1,5726.0,6013.33,287.33,287.33,5.02
Cotton (Medium Staple),Linear,2020,2021,1,5726.0,6132.5,406.5,406.5,7.1
Cotton (Medium Staple),RidgePoly2,2020,2021,1,5726.0,6033.51,307.51,307.51,5.37
Cotton (Medium Staple),CAGR,2020,2021,1,5726.0,6305.49,579.49,579.49,10.12
Cotton (Medium Staple),Holt,2020,2021,1,5726.0,6132.5,406.5,406.5,7.1
Cotton (Medium Staple),"ARIMA(1,1,0)",2020,2021,1,5726.0,5664.98,-61.02,61.02,1.07
Cotton (Medium Staple),RandomForest,2020,2021,1,5726.0,5407.9,-318.1,318.1,5.56
Cotton (Medium Staple),GradBoost,2020,2021,1,5726.0,5515.0,-211.0,211.0,3.68
Cotton (Medium Staple),Ensemble,2020,2021,1,5726.0,6132.5,406.5,406.5,7.1
De-Husked Coconut,Naive,2019,2020,1,2700.0,2571.0,-129.0,129.0,4.78
De-Husked Coconut,Naive,2019,2021,2,2800.0,2571.0,-229.0,229.0,8.18
De-Husked Coconut,Drift,2019,2020,1,2700.0,2976.5,276.5,276.5,10.24
De-Husked Coconut,Drift,2019,2021,2,2800.0,3382.0,582.0,582.0,20.79
De-Husked Coconut,Linear,2019,2020,1,2700.0,2931.33,231.33,231.33,8.57
De-Husked Coconut,Linear,2019,2021,2,2800.0,3336.83,536.83,536.83,19.17
De-Husked Coconut,RidgePoly2,2019,2020,1,2700.0,3115.33,415.33,415.33,15.38
De-Husked Coconut,RidgePoly2,2019,2021,2,2800.0,3910.33,1110.33,1110.33,39.65
De-Husked Coconut,CAGR,2019,2020,1,2700.0,3059.33,359.33,359.33,13.31
De-Husked Coconut,CAGR,2019,2021,2,2800.0,3697.61,897.61,897.61,32.06
De-Husked Coconut,Holt,2019,2020,1,2700.0,2931.33,231.33,231.33,8.57
De-Husked Coconut,Holt,2019,2021,2,2800.0,3336.83,536.83,536.83,19.17
De-Husked Coconut,"ARIMA(1,1,0)",2019,2020,1,2700.0,3005.86,305.86,305.86,11.33
De-Husked Coconut,"ARIMA(1,1,0)",2019,2021,2,2800.0,3355.41,555.41,555.41,19.84
De-Husked Coconut,RandomForest,2019,2020,1,2700.0,2391.59,-308.41,308.41,11.42
De-Husked Coconut,RandomForest,2019,2021,2,2800.0,2391.59,-408.41,408.41,14.59
De-Husked Coconut,GradBoost,2019,2020,1,2700.0,2571.0,-129.0,129.0,4.78
De-Husked Coconut,GradBoost,2019,2021,2,2800.0,2571.0,-229.0,229.0,8.18
De-Husked Coconut,Ensemble,2019,2020,1,2700.0,2953.92,253.92,253.92,9.4
De-Husked Coconut,Ensemble,2019,2021,2,2800.0,3359.42,559.42,559.42,19.98
De-Husked Coconut,Naive,2020,2021,1,2800.0,2700.0,-100.0,100.0,3.57
De-Husked Coconut,Drift,2020,2021,1,2800.0,3013.33,213.33,213.33,7.62
De-Husked Coconut,Linear,2020,2021,1,2800.0,3105.5,305.5,305.5,10.91
De-Husked Coconut,RidgePoly2,2020,2021,1,2800.0,3160.72,360.72,360.72,12.88
De-Husked Coconut,CAGR,2020,2021,1,2800.0,3263.31,463.31,463.31,16.55
De-Husked Coconut,Holt,2020,2021,1,2800.0,3105.5,305.5,305.5,10.91
De-Husked Coconut,"ARIMA(1,1,0)",2020,2021,1,2800.0,2774.62,-25.38,25.38,0.91
De-Husked Coconut,RandomForest,2020,2021,1,2800.0,2612.95,-187.05,187.05,6.68
De-Husked Coconut,GradBoost,2020,2021,1,2800.0,2700.0,-100.0,100.0,3.57
De-Husked Coconut,Ensemble,2020,2021,1,2800.0,3105.5,305.5,305.5,10.91
Gram,Naive,2019,2020,1,5100.0,4875.0,-225.0,225.0,4.41
Gram,Naive,2019,2021,2,5230.0,4875.0,-355.0,355.0,6.79
Gram,Drift,2019,2020,1,5100.0,5112.5,12.5,12.5,0.25
Gram,Drift,2019,2021,2,5230.0,5350.0,120.0,120.0,2.29
Gram,Linear,2019,2020,1,5100.0,5106.67,6.67,6.67,0.13
Gram,Linear,2019,2021,2,5230.0,5344.17,114.17,114.17,2.18
Gram,RidgePoly2,2019,2020,1,5100.0,5182.27,82.27,82.27,1.61
Gram,RidgePoly2,2019,2021,2,5230.0,5607.07,377.07,377.07,7.21
Gram,CAGR,2019,2020,1,5100.0,5127.18,27.18,27.18,0.53
Gram,CAGR,2019,2021,2,5230.0,5396.84,166.84,166.84,3.19
Gram,Holt,2019,2020,1,5100.0,5106.67,6.67,6.67,0.13
Gram,Holt,2019,2021,2,5230.0,5344.17,114.17,114.17,2.18
Gram,"ARIMA(1,1,0)",2019,2020,1,5100.0,5125.73,25.73,25.73,0.5
Gram,"ARIMA(1,1,0)",2019,2021,2,5230.0,5372.27,142.27,142.27,2.72
Gram,RandomForest,2019,2020,1,5100.0,4787.03,-312.97,312.97,6.14
Gram,RandomForest,2019,2021,2,5230.0,4787.03,-442.97,442.97,8.47
Gram,GradBoost,2019,2020,1,5100.0,4875.0,-225.0,225.0,4.41
Gram,GradBoost,2019,2021,2,5230.0,4875.0,-355.0,355.0,6.79
Gram,Ensemble,2019,2020,1,5100.0,5109.58,9.58,9.58,0.19
Gram,Ensemble,2019,2021,2,5230.0,5347.08,117.08,117.08,2.24
Gram,Naive,2020,2021,1,5230.0,5100.0,-130.0,130.0,2.49
Gram,Drift,2020,2021,1,5230.0,5333.33,103.33,103.33,1.98
Gram,Linear,2020,2021,1,5230.0,5337.5,107.5,107.5,2.06
Gram,RidgePoly2,2020,2021,1,5230.0,5402.91,172.91,172.91,3.31
Gram,CAGR,2020,2021,1,5230.0,5368.23,138.23,138.23,2.64
Gram,Holt,2020,2021,1,5230.0,5337.5,107.5,107.5,2.06
Gram,"ARIMA(1,1,0)",2020,2021,1,5230.0,5321.4,91.4,91.4,1.75
Gram,RandomForest,2020,2021,1,5230.0,5000.33,-229.67,229.67,4.39
Gram,GradBoost,2020,2021,1,5230.0,5100.0,-130.0,130.0,2.49
Gram,Ensemble,2020,2021,1,5230.0,5337.5,107.5,107.5,2.06
Groundnut,Naive,2019,2020,1,5275.0,5090.0,-185.0,185.0,3.51
Groundnut,Naive,2019,2021,2,5550.0,5090.0,-460.0,460.0,8.29
Groundnut,Drift,2019,2020,1,5275.0,5410.0,135.0,135.0,2.56
Groundnut,Drift,2019,2021,2,5550.0,5730.0,180.0,180.0,3.24
Groundnut,Linear,2019,2020,1,5275.0,5450.0,175.0,175.0,3.32
Groundnut,Linear,2019,2021,2,5550.0,5770.0,220.0,220.0,3.96
Groundnut,RidgePoly2,2019,2020,1,5275.0,5477.2,202.2,202.2,3.83
Groundnut,RidgePoly2,2019,2021,2,5550.0,5954.8,404.8,404.8,7.29
Groundnut,CAGR,2019,2020,1,5275.0,5493.13,218.13,218.13,4.14
Groundnut,CAGR,2019,2021,2,5550.0,5874.88,324.88,324.88,5.85
Groundnut,Holt,2019,2020,1,5275.0,5450.0,175.0,175.0,3.32
Groundnut,Holt,2019,2021,2,5550.0,5770.0,220.0,220.0,3.96
Groundnut,"ARIMA(1,1,0)",2019,2020,1,5275.0,5242.24,-32.76,32.76,0.62
Groundnut,"ARIMA(1,1,0)",2019,2021,2,5550.0,5358.13,-191.87,191.87,3.46
Groundnut,RandomForest,2019,2020,1,5275.0,5011.2,-263.8,263.8,5.0
Groundnut,RandomForest,2019,2021,2,5550.0,5011.2,-538.8,538.8,9.71
Groundnut,GradBoost,2019,2020,1,5275.0,5090.0,-185.0,185.0,3.51
Groundnut,GradBoost,2019,2021,2,5550.0,5090.0,-460.0,460.0,8.29
Groundnut,Ensemble,2019,2020,1,5275.0,5450.0,175.0,175.0,3.32
Groundnut,Ensemble,2019,2021,2,5550.0,5770.0,220.0,220.0,3.96
Groundnut,Naive,2020,2021,1,5550.0,5275.0,-275.0,275.0,4.95
Groundnut,Drift,2020,2021,1,5550.0,5550.0,0.0,0.0,0.0
Groundnut,Linear,2020,2021,1,5550.0,5595.0,45.0,45.0,0.81
Groundnut,RidgePoly2,2020,2021,1,5550.0,5602.19,52.19,52.19,0.94
Groundnut,CAGR,2020,2021,1,5550.0,5641.59,91.59,91.59,1.65
Groundnut,Holt,2020,2021,1,5550.0,5595.0,45.0,45.0,0.81
Groundnut,"ARIMA(1,1,0)",2020,2021,1,5550.0,5428.17,-121.83,121.83,2.2
Groundnut,RandomForest,2020,2021,1,5550.0,5192.03,-357.97,357.97,6.45
Groundnut,GradBoost,2020,2021,1,5550.0,5275.0,-275.0,275.0,4.95
Groundnut,Ensemble,2020,2021,1,5550.0,5595.0,45.0,45.0,0.81
Jowar (Hybrid),Naive,2019,2020,1,2620.0,2550.0,-70.0,70.0,2.67
Jowar (Hybrid),Naive,2019,2021,2,2738.0,2550.0,-188.0,188.0,6.87
Jowar (Hybrid),Drift,2019,2020,1,2620.0,2975.0,355.0,355.0,13.55
Jowar (Hybrid),Drift,2019,2021,2,2738.0,3400.0,662.0,662.0,24.18
Jowar (Hybrid),Linear,2019,2020,1,2620.0,3076.67,456.67,456.67,17.43
Jowar (Hybrid),Linear,2019,2021,2,2738.0,3501.67,763.67,763.67,27.89
Jowar (Hybrid),RidgePoly2,2019,2020,1,2620.0,3037.07,417.07,417.07,15.92
Jowar (Hybrid),RidgePoly2,2019,2021,2,2738.0,3575.27,837.27,837.27,30.58
Jowar (Hybrid),CAGR,2019,2020,1,2620.0,3288.19,668.19,668.19,25.5
Jowar (Hybrid),CAGR,2019,2021,2,2738.0,4027.19,1289.19,1289.19,47.09
Jowar (Hybrid),Holt,2019,2020,1,2620.0,3076.67,456.67,456.67,17.43
Jowar (Hybrid),Holt,2019,2021,2,2738.0,3501.67,763.67,763.67,27.89
Jowar (Hybrid),"ARIMA(1,1,0)",2019,2020,1,2620.0,2622.15,2.15,2.15,0.08
Jowar (Hybrid),"ARIMA(1,1,0)",2019,2021,2,2738.0,2665.54,-72.46,72.46,2.65
Jowar (Hybrid),RandomForest,2019,2020,1,2620.0,2485.63,-134.37,134.37,5.13
Jowar (Hybrid),RandomForest,2019,2021,2,2738.0,2485.63,-252.37,252.37,9.22
Jowar (Hybrid),GradBoost,2019,2020,1,2620.0,2550.0,-70.0,70.0,2.67
Jowar (Hybrid),GradBoost,2019,2021,2,2738.0,2550.0,-188.0,188.0,6.87
Jowar (Hybrid),Ensemble,2019,2020,1,2620.0,3076.67,456.67,456.67,17.43
Jowar (Hybrid),Ensemble,2019,2021,2,2738.0,3501.67,763.67,763.67,27.89
Jowar (Hybrid),Naive,2020,2021,1,2738.0,2620.0,-118.0,118.0,4.31
Jowar (Hybrid),Drift,2020,2021,1,2738.0,2926.67,188.67,188.67,6.89
Jowar (Hybrid),Linear,2020,2021,1,2738.0,3045.0,307.0,307.0,11.21
Jowar (Hybrid),RidgePoly2,2020,2021,1,2738.0,2953.51,215.51,215.51,7.87
Jowar (Hybrid),CAGR,2020,2021,1,2738.0,3208.83,470.83,470.83,17.2
Jowar (Hybrid),Holt,2020,2021,1,2738.0,3045.0,307.0,307.0,11.21
Jowar (Hybrid),"ARIMA(1,1,0)",2020,2021,1,2738.0,2690.0,-48.0,48.0,1.75
Jowar (Hybrid),RandomForest,2020,2021,1,2738.0,2581.6,-156.4,156.4,5.71
Jowar (Hybrid),GradBoost,2020,2021,1,2738.0,2620.0,-118.0,118.0,4.31
Jowar (Hybrid),Ensemble,2020,2021,1,2738.0,3045.0,307.0,307.0,11.21
Jowar (Maldandi),Naive,2019,2020,1,2640.0,2570.0,-70.0,70.0,2.65
Jowar (Maldandi),Naive,2019,2021,2,2758.0,2570.0,-188.0,188.0,6.82
Jowar (Maldandi),Drift,2019,2020,1,2640.0,2992.5,352.5,352.5,13.35
Jowar (Maldandi),Drift,2019,2021,2,2758.0,3415.0,657.0,657.0,23.82
Jowar (Maldandi),Linear,2019,2020,1,2640.0,3093.33,453.33,453.33,17.17
Jowar (Maldandi),Linear,2019,2021,2,2758.0,3515.83,757.83,757.83,27.48
Jowar (Maldandi),RidgePoly2,2019,2020,1,2640.0,3054.33,414.33,414.33,15.69
Jowar (Maldandi),RidgePoly2,2019,2021,2,2758.0,3589.83,831.83,831.83,30.16
Jowar (Maldandi),CAGR,2019,2020,1,2640.0,3299.44,659.44,659.44,24.98
Jowar (Maldandi),CAGR,2019,2021,2,2758.0,4027.28,1269.28,1269.28,46.02
Jowar (Maldandi),Holt,2019,2020,1,2640.0,3093.33,453.33,453.33,17.17
Jowar (Maldandi),Holt,2019,2021,2,2758.0,3515.83,757.83,757.83,27.48
Jowar (Maldandi),"ARIMA(1,1,0)",2019,2020,1,2640.0,2642.29,2.29,2.29,0.09
Jowar (Maldandi),"ARIMA(1,1,0)",2019,2021,2,2758.0,2685.85,-72.15,72.15,2.62
Jowar (Maldandi),RandomForest,2019,2020,1,2640.0,2505.82,-134.18,134.18,5.08
Jowar (Maldandi),RandomForest,2019,2021,2,2758.0,2505.82,-252.18,252.18,9.14
Jowar (Maldandi),GradBoost,2019,2020,1,2640.0,2570.0,-70.0,70.0,2.65
Jowar (Maldandi),GradBoost,2019,2021,2,2758.0,2570.0,-188.0,188.0,6.82
Jowar (Maldandi),Ensemble,2019,2020,1,2640.0,3093.33,453.33,453.33,17.17
Jowar (Maldandi),Ensemble,2019,2021,2,2758.0,3515.83,757.83,757.83,27.48
Jowar (Maldandi),Naive,2020,2021,1,2758.0,2640.0,-118.0,118.0,4.28
Jowar (Maldandi),Drift,2020,2021,1,2758.0,2945.0,187.0,187.0,6.78
Jowar (Maldandi),Linear,2020,2021,1,2758.0,3062.5,304.5,304.5,11.04
Jowar (Maldandi),RidgePoly2,2020,2021,1,2758.0,2971.89,213.89,213.89,7.76
Jowar (Maldandi),CAGR,2020,2021,1,2758.0,3222.37,464.37,464.37,16.84
Jowar (Maldandi),Holt,2020,2021,1,2758.0,3062.5,304.5,304.5,11.04
Jowar (Maldandi),"ARIMA(1,1,0)",2020,2021,1,2758.0,2710.0,-48.0,48.0,1.74
Jowar (Maldandi),RandomForest,2020,2021,1,2758.0,2601.63,-156.37,156.37,5.67
Jowar (Maldandi),GradBoost,2020,2021,1,2758.0,2640.0,-118.0,118.0,4.28
Jowar (Maldandi),Ensemble,2020,2021,1,2758.0,3062.5,304.5,304.5,11.04
Jute,Naive,2019,2020,1,4225.0,3950.0,-275.0,275.0,6.51
Jute,Naive,2019,2021,2,4500.0,3950.0,-550.0,550.0,12.22
Jute,Drift,2019,2020,1,4225.0,4175.0,-50.0,50.0,1.18
Jute,Drift,2019,2021,2,4500.0,4400.0,-100.0,100.0,2.22
Jute,Linear,2019,2020,1,4225.0,4166.67,-58.33,58.33,1.38
Jute,Linear,2019,2021,2,4500.0,4391.67,-108.33,108.33,2.41
Jute,RidgePoly2,2019,2020,1,4225.0,4242.67,17.67,17.67,0.42
Jute,RidgePoly2,2019,2021,2,4500.0,4650.67,150.67,150.67,3.35
Jute,CAGR,2019,2020,1,4225.0,4189.4,-35.6,35.6,0.84
Jute,CAGR,2019,2021,2,4500.0,4450.57,-49.43,49.43,1.1
Jute,Holt,2019,2020,1,4225.0,4166.67,-58.33,58.33,1.38
Jute,Holt,2019,2021,2,4500.0,4391.67,-108.33,108.33,2.41
Jute,"ARIMA(1,1,0)",2019,2020,1,4225.0,4192.0,-33.0,33.0,0.78
Jute,"ARIMA(1,1,0)",2019,2021,2,4500.0,4426.27,-73.73,73.73,1.64
Jute,RandomForest,2019,2020,1,4225.0,3864.33,-360.67,360.67,8.54
Jute,RandomForest,2019,2021,2,4500.0,3864.33,-635.67,635.67,14.13
Jute,GradBoost,2019,2020,1,4225.0,3950.0,-275.0,275.0,6.51
Jute,GradBoost,2019,2021,2,4500.0,3950.0,-550.0,550.0,12.22
Jute,Ensemble,2019,2020,1,4225.0,4170.83,-54.17,54.17,1.28
Jute,Ensemble,2019,2021,2,4500.0,4395.83,-104.17,104.17,2.31
Jute,Naive,2020,2021,1,4500.0,4225.0,-275.0,275.0,6.11
Jute,Drift,2020,2021,1,4500.0,4466.67,-33.33,33.33,0.74
Jute,Linear,2020,2021,1,4500.0,4450.0,-50.0,50.0,1.11
Jute,RidgePoly2,2020,2021,1,4500.0,4535.33,35.33,35.33,0.79
Jute,CAGR,2020,2021,1,4500.0,4488.4,-11.6,11.6,0.26
Jute,Holt,2020,2021,1,4500.0,4500.0,-0.0,0.0,0.0
Jute,"ARIMA(1,1,0)",2020,2021,1,4500.0,4494.89,-5.11,5.11,0.11
Jute,RandomForest,2020,2021,1,4500.0,4108.17,-391.83,391.83,8.71
Jute,GradBoost,2020,2021,1,4500.0,4225.0,-275.0,275.0,6.11
Jute,Ensemble,2020,2021,1,4500.0,4477.53,-22.47,22.47,0.5
Maize,Naive,2019,2020,1,1850.0,1760.0,-90.0,90.0,4.86
Maize,Naive,2019,2021,2,1870.0,1760.0,-110.0,110.0,5.88
Maize,Drift,2019,2020,1,1850.0,1927.5,77.5,77.5,4.19
Maize,Drift,2019,2021,2,1870.0,2095.0,225.0,225.0,12.03
Maize,Linear,2019,2020,1,1850.0,1963.33,113.33,113.33,6.13
Maize,Linear,2019,2021,2,1870.0,2130.83,260.83,260.83,13.95
Maize,RidgePoly2,2019,2020,1,1850.0,1954.33,104.33,104.33,5.64
Maize,RidgePoly2,2019,2021,2,1870.0,2174.83,304.83,304.83,16.3
Maize,CAGR,2019,2020,1,1850.0,2002.73,152.73,152.73,8.26
Maize,CAGR,2019,2021,2,1870.0,2225.73,355.73,355.73,19.02
Maize,Holt,2019,2020,1,1850.0,1963.33,113.33,113.33,6.13
Maize,Holt,2019,2021,2,1870.0,2130.83,260.83,260.83,13.95
Maize,"ARIMA(1,1,0)",2019,2020,1,1850.0,1794.48,-55.52,55.52,3.0
Maize,"ARIMA(1,1,0)",2019,2021,2,1870.0,1814.3,-55.7,55.7,2.98
Maize,RandomForest,2019,2020,1,1850.0,1731.12,-118.88,118.88,6.43
Maize,RandomForest,2019,2021,2,1870.0,1731.12,-138.88,138.88,7.43
Maize,GradBoost,2019,2020,1,1850.0,1760.0,-90.0,90.0,4.86
Maize,GradBoost,2019,2021,2,1870.0,1760.0,-110.0,110.0,5.88
Maize,Ensemble,2019,2020,1,1850.0,1963.33,113.33,113.33,6.13
Maize,Ensemble,2019,2021,2,1870.0,2130.83,260.83,260.83,13.95
Maize,Naive,2020,2021,1,1870.0,1850.0,-20.0,20.0,1.07
Maize,Drift,2020,2021,1,1870.0,1991.67,121.67,121.67,6.51
Maize,Linear,2020,2021,1,1870.0,2017.5,147.5,147.5,7.89
Maize,RidgePoly2,2020,2021,1,1870.0,2006.23,136.23,136.23,7.28
Maize,CAGR,2020,2021,1,1870.0,2055.99,185.99,185.99,9.95
Maize,Holt,2020,2021,1,1870.0,2017.5,147.5,147.5,7.89
Maize,"ARIMA(1,1,0)",2020,2021,1,1870.0,1911.57,41.57,41.57,2.22
Maize,RandomForest,2020,2021,1,1870.0,1811.97,-58.03,58.03,3.1
Maize,GradBoost,2020,2021,1,1870.0,1850.0,-20.0,20.0,1.07
Maize,Ensemble,2020,2021,1,1870.0,2017.5,147.5,147.5,7.89
Masur (Lentil),Naive,2019,2020,1,5100.0,4800.0,-300.0,300.0,5.88
Masur (Lentil),Naive,2019,2021,2,5500.0,4800.0,-700.0,700.0,12.73
Masur (Lentil),Drift,2019,2020,1,5100.0,5075.0,-25.0,25.0,0.49
Masur (Lentil),Drift,2019,2021,2,5500.0,5350.0,-150.0,150.0,2.73
Masur (Lentil),Linear,2019,2020,1,5100.0,5058.33,-41.67,41.67,0.82
Masur (Lentil),Linear,2019,2021,2,5500.0,5333.33,-166.67,166.67,3.03
Masur (Lentil),RidgePoly2,2019,2020,1,5100.0,5161.33,61.33,61.33,1.2
Masur (Lentil),RidgePoly2,2019,2021,2,5500.0,5672.83,172.83,172.83,3.14
Masur (Lentil),CAGR,2019,2020,1,5100.0,5085.42,-14.58,14.58,0.29
Masur (Lentil),CAGR,2019,2021,2,5500.0,5404.47,-95.53,95.53,1.74
Masur (Lentil),Holt,2019,2020,1,5100.0,5058.33,-41.67,41.67,0.82
Masur (Lentil),Holt,2019,2021,2,5500.0,5333.33,-166.67,166.67,3.03
Masur (Lentil),"ARIMA(1,1,0)",2019,2020,1,5100.0,5094.79,-5.21,5.21,0.1
Masur (Lentil),"ARIMA(1,1,0)",2019,2021,2,5500.0,5362.17,-137.83,137.83,2.51
Masur (Lentil),RandomForest,2019,2020,1,5100.0,4689.92,-410.08,410.08,8.04
Masur (Lentil),RandomForest,2019,2021,2,5500.0,4689.92,-810.08,810.08,14.73
Masur (Lentil),GradBoost,2019,2020,1,5100.0,4800.0,-300.0,300.0,5.88
Masur (Lentil),GradBoost,2019,2021,2,5500.0,4800.0,-700.0,700.0,12.73
Masur (Lentil),Ensemble,2019,2020,1,5100.0,5066.67,-33.33,33.33,0.65
Masur (Lentil),Ensemble,2019,2021,2,5500.0,5341.67,-158.33,158.33,2.88
Masur (Lentil),Naive,2020,2021,1,5500.0,5100.0,-400.0,400.0,7.27
Masur (Lentil),Drift,2020,2021,1,5500.0,5383.33,-116.67,116.67,2.12
Masur (Lentil),Linear,2020,2021,1,5500.0,5375.0,-125.0,125.0,2.27
Masur (Lentil),RidgePoly2,2020,2021,1,5500.0,5472.59,-27.41,27.41,0.5
Masur (Lentil),CAGR,2020,2021,1,5500.0,5419.96,-80.04,80.04,1.46
Masur (Lentil),Holt,2020,2021,1,5500.0,5375.0,-125.0,125.0,2.27
Masur (Lentil),"ARIMA(1,1,0)",2020,2021,1,5500.0,5383.46,-116.54,116.54,2.12
Masur (Lentil),RandomForest,2020,2021,1,5500.0,4968.67,-531.33,531.33,9.66
Masur (Lentil),GradBoost,2020,2021,1,5500.0,5100.0,-400.0,400.0,7.27
Masur (Lentil),Ensemble,2020,2021,1,5500.0,5379.17,-120.83,120.83,2.2
Moong,Naive,2019,2020,1,7196.0,7050.0,-146.0,146.0,2.03
Moong,Naive,2019,2021,2,7275.0,7050.0,-225.0,225.0,3.09
Moong,Drift,2019,2020,1,7196.0,7787.5,591.5,591.5,8.22
Moong,Drift,2019,2021,2,7275.0,8525.0,1250.0,1250.0,17.18
Moong,Linear,2019,2020,1,7196.0,8008.33,812.33,812.33,11.29
Moong,Linear,2019,2021,2,7275.0,8745.83,1470.83,1470.83,20.22
Moong,RidgePoly2,2019,2020,1,7196.0,7870.33,674.33,674.33,9.37
Moong,RidgePoly2,2019,2021,2,7275.0,8716.33,1441.33,1441.33,19.81
Moong,CAGR,2019,2020,1,7196.0,8214.93,1018.93,1018.93,14.16
Moong,CAGR,2019,2021,2,7275.0,9237.95,1962.95,1962.95,26.98
Moong,Holt,2019,2020,1,7196.0,8008.34,812.34,812.34,11.29
Moong,Holt,2019,2021,2,7275.0,8745.84,1470.84,1470.84,20.22
Moong,"ARIMA(1,1,0)",2019,2020,1,7196.0,7086.5,-109.5,109.5,1.52
Moong,"ARIMA(1,1,0)",2019,2021,2,7275.0,7104.27,-170.73,170.73,2.35
Moong,RandomForest,2019,2020,1,7196.0,6975.17,-220.83,220.83,3.07
Moong,RandomForest,2019,2021,2,7275.0,6975.17,-299.83,299.83,4.12
Moong,GradBoost,2019,2020,1,7196.0,7050.0,-146.0,146.0,2.03
Moong,GradBoost,2019,2021,2,7275.0,7050.0,-225.0,225.0,3.09
Moong,Ensemble,2019,2020,1,7196.0,8008.34,812.34,812.34,11.29
Moong,Ensemble,2019,2021,2,7275.0,8745.84,1470.84,1470.84,20.22
Moong,Naive,2020,2021,1,7275.0,7196.0,-79.0,79.0,1.09
Moong,Drift,2020,2021,1,7275.0,7736.33,461.33,461.33,6.34
Moong,Linear,2020,2021,1,7275.0,7933.5,658.5,658.5,9.05
Moong,RidgePoly2,2020,2021,1,7275.0,7745.14,470.14,470.14,6.46
Moong,CAGR,2020,2021,1,7275.0,8092.14,817.14,817.14,11.23
Moong,Holt,2020,2021,1,7275.0,7933.5,658.5,658.5,9.05
Moong,"ARIMA(1,1,0)",2020,2021,1,7275.0,7271.55,-3.45,3.45,0.05
Moong,RandomForest,2020,2021,1,7275.0,7129.58,-145.42,145.42,2.0
Moong,GradBoost,2020,2021,1,7275.0,7196.0,-79.0,79.0,1.09
Moong,Ensemble,2020,2021,1,7275.0,7933.5,658.5,658.5,9.05
Nigerseed,Naive,2019,2020,1,6695.0,5940.0,-755.0,755.0,11.28
Nigerseed,Naive,2019,2021,2,6930.0,5940.0,-990.0,990.0,14.29
Nigerseed,Drift,2019,2020,1,6695.0,6885.0,190.0,190.0,2.84
Nigerseed,Drift,2019,2021,2,6930.0,7830.0,900.0,900.0,12.99
Nigerseed,Linear,2019,2020,1,6695.0,7179.0,484.0,484.0,7.23
Nigerseed,Linear,2019,2021,2,6930.0,8124.0,1194.0,1194.0,17.23
Nigerseed,RidgePoly2,2019,2020,1,6695.0,6984.96,289.96,289.96,4.33
Nigerseed,RidgePoly2,2019,2021,2,6930.0,8047.14,1117.14,1117.14,16.12
Nigerseed,CAGR,2019,2020,1,6695.0,7640.65,945.65,945.65,14.12
Nigerseed,CAGR,2019,2021,2,6930.0,9253.29,2323.29,2323.29,33.53
Nigerseed,Holt,2019,2020,1,6695.0,7179.02,484.02,484.02,7.23
Nigerseed,Holt,2019,2021,2,6930.0,8124.03,1194.03,1194.03,17.23
Nigerseed,"ARIMA(1,1,0)",2019,2020,1,6695.0,5972.18,-722.82,722.82,10.8
Nigerseed,"ARIMA(1,1,0)",2019,2021,2,6930.0,5988.62,-941.38,941.38,13.58
Nigerseed,RandomForest,2019,2020,1,6695.0,5853.27,-841.73,841.73,12.57
Nigerseed,RandomForest,2019,2021,2,6930.0,5853.27,-1076.73,1076.73,15.54
Nigerseed,GradBoost,2019,2020,1,6695.0,5940.0,-755.0,755.0,11.28
Nigerseed,GradBoost,2019,2021,2,6930.0,5940.0,-990.0,990.0,14.29
Nigerseed,Ensemble,2019,2020,1,6695.0,7179.01,484.01,484.01,7.23
Nigerseed,Ensemble,2019,2021,2,6930.0,8124.01,1194.01,1194.01,17.23
Nigerseed,Naive,2020,2021,1,6930.0,6695.0,-235.0,235.0,3.39
Nigerseed,Drift,2020,2021,1,6930.0,7576.67,646.67,646.67,9.33
Nigerseed,Linear,2020,2021,1,6930.0,7640.0,710.0,710.0,10.25
Nigerseed,RidgePoly2,2020,2021,1,6930.0,7581.81,651.81,651.81,9.41
Nigerseed,CAGR,2020,2021,1,6930.0,8108.05,1178.05,1178.05,17.0
Nigerseed,Holt,2020,2021,1,6930.0,7640.0,710.0,710.0,10.25
Nigerseed,"ARIMA(1,1,0)",2020,2021,1,6930.0,7092.72,162.72,162.72,2.35
Nigerseed,RandomForest,2020,2021,1,6930.0,6411.43,-518.57,518.57,7.48
Nigerseed,GradBoost,2020,2021,1,6930.0,6695.0,-235.0,235.0,3.39
Nigerseed,Ensemble,2020,2021,1,6930.0,7640.0,710.0,710.0,10.25
Paddy (Common),Naive,2019,2020,1,1868.0,1815.0,-53.0,53.0,2.84
Paddy (Common),Naive,2019,2021,2,1940.0,1815.0,-125.0,125.0,6.44
Paddy (Common),Drift,2019,2020,1,1868.0,1947.5,79.5,79.5,4.26
Paddy (Common),Drift,2019,2021,2,1940.0,2080.0,140.0,140.0,7.22
Paddy (Common),Linear,2019,2020,1,1868.0,1970.0,102.0,102.0,5.46
Paddy (Common),Linear,2019,2021,2,1940.0,2102.5,162.5,162.5,8.38
Paddy (Common),RidgePoly2,2019,2020,1,1868.0,1972.0,104.0,104.0,5.57
Paddy (Common),RidgePoly2,2019,2021,2,1940.0,2158.0,218.0,218.0,11.24
Paddy (Common),CAGR,2019,2020,1,1868.0,1992.02,124.02,124.02,6.64
Paddy (Common),CAGR,2019,2021,2,1940.0,2155.59,215.59,215.59,11.11
Paddy (Common),Holt,2019,2020,1,1868.0,1970.0,102.0,102.0,5.46
Paddy (Common),Holt,2019,2021,2,1940.0,2102.5,162.5,162.5,8.38
Paddy (Common),"ARIMA(1,1,0)",2019,2020,1,1868.0,1858.62,-9.38,9.38,0.5
Paddy (Common),"ARIMA(1,1,0)",2019,2021,2,1940.0,1887.89,-52.11,52.11,2.69
Paddy (Common),RandomForest,2019,2020,1,1868.0,1787.3,-80.7,80.7,4.32
Paddy (Common),RandomForest,2019,2021,2,1940.0,1787.3,-152.7,152.7,7.87
Paddy (Common),GradBoost,2019,2020,1,1868.0,1815.0,-53.0,53.0,2.84
Paddy (Common),GradBoost,2019,2021,2,1940.0,1815.0,-125.0,125.0,6.44
Paddy (Common),Ensemble,2019,2020,1,1868.0,1970.0,102.0,102.0,5.46
Paddy (Common),Ensemble,2019,2021,2,1940.0,2102.5,162.5,162.5,8.38
Paddy (Common),Naive,2020,2021,1,1940.0,1868.0,-72.0,72.0,3.71
Paddy (Common),Drift,2020,2021,1,1940.0,1974.0,34.0,34.0,1.75
Paddy (Common),Linear,2020,2021,1,1940.0,2000.5,60.5,60.5,3.12
Paddy (Common),RidgePoly2,2020,2021,1,1940.0,1990.4,50.4,50.4,2.6
Paddy (Common),CAGR,2020,2021,1,1940.0,2021.39,81.39,81.39,4.2
Paddy (Common),Holt,2020,2021,1,1940.0,2000.5,60.5,60.5,3.12
Paddy (Common),"ARIMA(1,1,0)",2020,2021,1,1940.0,1908.69,-31.31,31.31,1.61
Paddy (Common),RandomForest,2020,2021,1,1940.0,1843.17,-96.83,96.83,4.99
Paddy (Common),GradBoost,2020,2021,1,1940.0,1868.0,-72.0,72.0,3.71
Paddy (Common),Ensemble,2020,2021,1,1940.0,2000.5,60.5,60.5,3.12
Paddy (Grade 'A'),Naive,2019,2020,1,1888.0,1835.0,-53.0,53.0,2.81
Paddy (Grade 'A'),Naive,2019,2021,2,1960.0,1835.0,-125.0,125.0,6.38
Paddy (Grade 'A'),Drift,2019,2020,1,1888.0,1957.5,69.5,69.5,3.68
Paddy (Grade 'A'),Drift,2019,2021,2,1960.0,2080.0,120.0,120.0,6.12
Paddy (Grade 'A'),Linear,2019,2020,1,1888.0,1976.67,88.67,88.67,4.7
Paddy (Grade 'A'),Linear,2019,2021,2,1960.0,2099.17,139.17,139.17,7.1
Paddy (Grade 'A'),RidgePoly2,2019,2020,1,1888.0,1981.07,93.07,93.07,4.93
Paddy (Grade 'A'),RidgePoly2,2019,2021,2,1960.0,2156.27,196.27,196.27,10.01
Paddy (Grade 'A'),CAGR,2019,2020,1,1888.0,1994.84,106.84,106.84,5.66
Paddy (Grade 'A'),CAGR,2019,2021,2,1960.0,2143.02,183.02,183.02,9.34
Paddy (Grade 'A'),Holt,2019,2020,1,1888.0,1976.67,88.67,88.67,4.7
Paddy (Grade 'A'),Holt,2019,2021,2,1960.0,2099.17,139.17,139.17,7.1
Paddy (Grade 'A'),"ARIMA(1,1,0)",2019,2020,1,1888.0,1880.71,-7.29,7.29,0.39
Paddy (Grade 'A'),"ARIMA(1,1,0)",2019,2021,2,1960.0,1912.86,-47.14,47.14,2.41
Paddy (Grade 'A'),RandomForest,2019,2020,1,1888.0,1808.03,-79.97,79.97,4.24
Paddy (Grade 'A'),RandomForest,2019,2021,2,1960.0,1808.03,-151.97,151.97,7.75
Paddy (Grade 'A'),GradBoost,2019,2020,1,1888.0,1835.0,-53.0,53.0,2.81
Paddy (Grade 'A'),GradBoost,2019,2021,2,1960.0,1835.0,-125.0,125.0,6.38
Paddy (Grade 'A'),Ensemble,2019,2020,1,1888.0,1976.67,88.67,88.67,4.7
Paddy (Grade 'A'),Ensemble,2019,2021,2,1960.0,2099.17,139.17,139.17,7.1
Paddy (Grade 'A'),Naive,2020,2021,1,1960.0,1888.0,-72.0,72.0,3.67
Paddy (Grade 'A'),Drift,2020,2021,1,1960.0,1987.33,27.33,27.33,1.39
Paddy (Grade 'A'),Linear,2020,2021,1,1960.0,2010.5,50.5,50.5,2.58
Paddy (Grade 'A'),RidgePoly2,2020,2021,1,1960.0,2003.92,43.92,43.92,2.24
Paddy (Grade 'A'),CAGR,2020,2021,1,1960.0,2028.25,68.25,68.25,3.48
Paddy (Grade 'A'),Holt,2020,2021,1,1960.0,2010.5,50.5,50.5,2.58
Paddy (Grade 'A'),"ARIMA(1,1,0)",2020,2021,1,1960.0,1930.24,-29.76,29.76,1.52
Paddy (Grade 'A'),RandomForest,2020,2021,1,1960.0,1863.31,-96.69,96.69,4.93
Paddy (Grade 'A'),GradBoost,2020,2021,1,1960.0,1888.0,-72.0,72.0,3.67
Paddy (Grade 'A'),Ensemble,2020,2021,1,1960.0,2010.5,50.5,50.5,2.58
Ragi,Naive,2019,2020,1,3295.0,3150.0,-145.0,145.0,4.4
Ragi,Naive,2019,2021,2,3377.0,3150.0,-227.0,227.0,6.72
Ragi,Drift,2019,2020,1,3295.0,3775.0,480.0,480.0,14.57
Ragi,Drift,2019,2021,2,3377.0,4400.0,1023.0,1023.0,30.29
Ragi,Linear,2019,2020,1,3295.0,3899.0,604.0,604.0,18.33
Ragi,Linear,2019,2021,2,3377.0,4524.0,1147.0,1147.0,33.97
Ragi,RidgePoly2,2019,2020,1,3295.0,3880.56,585.56,585.56,17.77
Ragi,RidgePoly2,2019,2021,2,3377.0,4722.54,1345.54,1345.54,39.84
Ragi,CAGR,2019,2020,1,3295.0,4291.03,996.03,996.03,30.23
Ragi,CAGR,2019,2021,2,3377.0,5525.09,2148.09,2148.09,63.61
Ragi,Holt,2019,2020,1,3295.0,3899.0,604.0,604.0,18.33
Ragi,Holt,2019,2021,2,3377.0,4524.0,1147.0,1147.0,33.97
Ragi,"ARIMA(1,1,0)",2019,2020,1,3295.0,3319.92,24.92,24.92,0.76
Ragi,"ARIMA(1,1,0)",2019,2021,2,3377.0,3434.04,57.04,57.04,1.69
Ragi,RandomForest,2019,2020,1,3295.0,3034.17,-260.83,260.83,7.92
Ragi,RandomForest,2019,2021,2,3377.0,3034.17,-342.83,342.83,10.15
Ragi,GradBoost,2019,2020,1,3295.0,3150.0,-145.0,145.0,4.4
Ragi,GradBoost,2019,2021,2,3377.0,3150.0,-227.0,227.0,6.72
Ragi,Ensemble,2019,2020,1,3295.0,3899.0,604.0,604.0,18.33
Ragi,Ensemble,2019,2021,2,3377.0,4524.0,1147.0,1147.0,33.97
Ragi,Naive,2020,2021,1,3377.0,3295.0,-82.0,82.0,2.43
Ragi,Drift,2020,2021,1,3377.0,3760.0,383.0,383.0,11.34
Ragi,Linear,2020,2021,1,3377.0,3920.0,543.0,543.0,16.08
Ragi,RidgePoly2,2020,2021,1,3377.0,3821.51,444.51,444.51,13.16
Ragi,CAGR,2020,2021,1,3377.0,4242.62,865.62,865.62,25.63
Ragi,Holt,2020,2021,1,3377.0,3920.0,543.0,543.0,16.08
Ragi,"ARIMA(1,1,0)",2020,2021,1,3377.0,3439.99,62.99,62.99,1.87
Ragi,RandomForest,2020,2021,1,3377.0,3218.57,-158.43,158.43,4.69
Ragi,GradBoost,2020,2021,1,3377.0,3295.0,-82.0,82.0,2.43
Ragi,Ensemble,2020,2021,1,3377.0,3920.0,543.0,543.0,16.08
Rapeseed/Mustard,Naive,2019,2020,1,4650.0,4425.0,-225.0,225.0,4.84
Rapeseed/Mustard,Naive,2019,2021,2,5050.0,4425.0,-625.0,625.0,12.38
Rapeseed/Mustard,Drift,2019,2020,1,4650.0,4637.5,-12.5,12.5,0.27
Rapeseed/Mustard,Drift,2019,2021,2,5050.0,4850.0,-200.0,200.0,3.96
Rapeseed/Mustard,Linear,2019,2020,1,4650.0,4633.33,-16.67,16.67,0.36
Rapeseed/Mustard,Linear,2019,2021,2,5050.0,4845.83,-204.17,204.17,4.04
Rapeseed/Mustard,RidgePoly2,2019,2020,1,4650.0,4699.33,49.33,49.33,1.06
Rapeseed/Mustard,RidgePoly2,2019,2021,2,5050.0,5077.33,27.33,27.33,0.54
Rapeseed/Mustard,CAGR,2019,2020,1,4650.0,4651.51,1.51,1.51,0.03
Rapeseed/Mustard,CAGR,2019,2021,2,5050.0,4892.39,-157.61,157.61,3.12
Rapeseed/Mustard,Holt,2019,2020,1,4650.0,4633.33,-16.67,16.67,0.36
Rapeseed/Mustard,Holt,2019,2021,2,5050.0,4845.83,-204.17,204.17,4.04
Rapeseed/Mustard,"ARIMA(1,1,0)",2019,2020,1,4650.0,4647.8,-2.2,2.2,0.05
Rapeseed/Mustard,"ARIMA(1,1,0)",2019,2021,2,5050.0,4868.43,-181.57,181.57,3.6
Rapeseed/Mustard,RandomForest,2019,2020,1,4650.0,4347.17,-302.83,302.83,6.51
Rapeseed/Mustard,RandomForest,2019,2021,2,5050.0,4347.17,-702.83,702.83,13.92
Rapeseed/Mustard,GradBoost,2019,2020,1,4650.0,4425.0,-225.0,225.0,4.84
Rapeseed/Mustard,GradBoost,2019,2021,2,5050.0,4425.0,-625.0,625.0,12.38
Rapeseed/Mustard,Ensemble,2019,2020,1,4650.0,4635.42,-14.58,14.58,0.31
Rapeseed/Mustard,Ensemble,2019,2021,2,5050.0,4847.92,-202.08,202.08,4.0
Rapeseed/Mustard,Naive,2020,2021,1,5050.0,4650.0,-400.0,400.0,7.92
Rapeseed/Mustard,Drift,2020,2021,1,5050.0,4866.67,-183.33,183.33,3.63
Rapeseed/Mustard,Linear,2020,2021,1,5050.0,4862.5,-187.5,187.5,3.71
Rapeseed/Mustard,RidgePoly2,2020,2021,1,5050.0,4928.16,-121.84,121.84,2.41
Rapeseed/Mustard,CAGR,2020,2021,1,5050.0,4890.8,-159.2,159.2,3.15
Rapeseed/Mustard,Holt,2020,2021,1,5050.0,4862.5,-187.5,187.5,3.71
Rapeseed/Mustard,"ARIMA(1,1,0)",2020,2021,1,5050.0,4873.89,-176.11,176.11,3.49
Rapeseed/Mustard,RandomForest,2020,2021,1,5050.0,4552.67,-497.33,497.33,9.85
Rapeseed/Mustard,GradBoost,2020,2021,1,5050.0,4650.0,-400.0,400.0,7.92
Rapeseed/Mustard,Ensemble,2020,2021,1,5050.0,4864.58,-185.42,185.42,3.67
Safflower,Naive,2019,2020,1,5327.0,5215.0,-112.0,112.0,2.1
Safflower,Naive,2019,2021,2,5441.0,5215.0,-226.0,226.0,4.15
Safflower,Drift,2019,2020,1,5327.0,5772.5,445.5,445.5,8.36
Safflower,Drift,2019,2021,2,5441.0,6330.0,889.0,889.0,16.34
Safflower,Linear,2019,2020,1,5327.0,5868.33,541.33,541.33,10.16
Safflower,Linear,2019,2021,2,5441.0,6425.83,984.83,984.83,18.1
Safflower,RidgePoly2,2019,2020,1,5327.0,5874.93,547.93,547.93,10.29
Safflower,RidgePoly2,2019,2021,2,5441.0,6655.23,1214.23,1214.23,22.32
Safflower,CAGR,2019,2020,1,5327.0,6014.58,687.58,687.58,12.91
Safflower,CAGR,2019,2021,2,5441.0,6783.29,1342.29,1342.29,24.67
Safflower,Holt,2019,2020,1,5327.0,5868.33,541.33,541.33,10.16
Safflower,Holt,2019,2021,2,5441.0,6425.83,984.83,984.83,18.1
Safflower,"ARIMA(1,1,0)",2019,2020,1,5327.0,5392.89,65.89,65.89,1.24
Safflower,"ARIMA(1,1,0)",2019,2021,2,5441.0,5510.08,69.08,69.08,1.27
Safflower,RandomForest,2019,2020,1,5327.0,5099.42,-227.58,227.58,4.27
Safflower,RandomForest,2019,2021,2,5441.0,5099.42,-341.58,341.58,6.28
Safflower,GradBoost,2019,2020,1,5327.0,5215.0,-112.0,112.0,2.1
Safflower,GradBoost,2019,2021,2,5441.0,5215.0,-226.0,226.0,4.15
Safflower,Ensemble,2019,2020,1,5327.0,5868.33,541.33,541.33,10.16
Safflower,Ensemble,2019,2021,2,5441.0,6425.83,984.83,984.83,18.1
Safflower,Naive,2020,2021,1,5441.0,5327.0,-114.0,114.0,2.1
Safflower,Drift,2020,2021,1,5441.0,5736.0,295.0,295.0,5.42
Safflower,Linear,2020,2021,1,5441.0,5884.5,443.5,443.5,8.15
Safflower,RidgePoly2,2020,2021,1,5441.0,5803.38,362.38,362.38,6.66
Safflower,CAGR,2020,2021,1,5441.0,6007.83,566.83,566.83,10.42
Safflower,Holt,2020,2021,1,5441.0,5884.5,443.5,443.5,8.15
Safflower,"ARIMA(1,1,0)",2020,2021,1,5441.0,5405.62,-35.38,35.38,0.65
Safflower,RandomForest,2020,2021,1,5441.0,5261.99,-179.01,179.01,3.29
Safflower,GradBoost,2020,2021,1,5441.0,5327.0,-114.0,114.0,2.1
Safflower,Ensemble,2020,2021,1,5441.0,5884.5,443.5,443.5,8.15
Sesamum,Naive,2019,2020,1,6855.0,6485.0,-370.0,370.0,5.4
Sesamum,Naive,2019,2021,2,7307.0,6485.0,-822.0,822.0,11.25
Sesamum,Drift,2019,2020,1,6855.0,7077.5,222.5,222.5,3.25
Sesamum,Drift,2019,2021,2,7307.0,7670.0,363.0,363.0,4.97
Sesamum,Linear,2019,2020,1,6855.0,7196.33,341.33,341.33,4.98
Sesamum,Linear,2019,2021,2,7307.0,7788.83,481.83,481.83,6.59
Sesamum,RidgePoly2,2019,2020,1,6855.0,7176.85,321.85,321.85,4.7
Sesamum,RidgePoly2,2019,2021,2,7307.0,7972.51,665.51,665.51,9.11
Sesamum,CAGR,2019,2020,1,6855.0,7327.68,472.68,472.68,6.9
Sesamum,CAGR,2019,2021,2,7307.0,8105.56,798.56,798.56,10.93
Sesamum,Holt,2019,2020,1,6855.0,7196.33,341.33,341.33,4.98
Sesamum,Holt,2019,2021,2,7307.0,7788.83,481.83,481.83,6.59
Sesamum,"ARIMA(1,1,0)",2019,2020,1,6855.0,6624.09,-230.91,230.91,3.37
Sesamum,"ARIMA(1,1,0)",2019,2021,2,7307.0,6706.06,-600.94,600.94,8.22
Sesamum,RandomForest,2019,2020,1,6855.0,6376.26,-478.74,478.74,6.98
Sesamum,RandomForest,2019,2021,2,7307.0,6376.26,-930.74,930.74,12.74
Sesamum,GradBoost,2019,2020,1,6855.0,6485.0,-370.0,370.0,5.4
Sesamum,GradBoost,2019,2021,2,7307.0,6485.0,-822.0,822.0,11.25
Sesamum,Ensemble,2019,2020,1,6855.0,7196.33,341.33,341.33,4.98
Sesamum,Ensemble,2019,2021,2,7307.0,7788.83,481.83,481.83,6.59
Sesamum,Naive,2020,2021,1,7307.0,6855.0,-452.0,452.0,6.19
Sesamum,Drift,2020,2021,1,7307.0,7373.33,66.33,66.33,0.91
Sesamum,Linear,2020,2021,1,7307.0,7447.5,140.5,140.5,1.92
Sesamum,RidgePoly2,2020,2021,1,7307.0,7431.89,124.89,124.89,1.71
Sesamum,CAGR,2020,2021,1,7307.0,7582.71,275.71,275.71,3.77
Sesamum,Holt,2020,2021,1,7307.0,7447.5,140.5,140.5,1.92
Sesamum,"ARIMA(1,1,0)",2020,2021,1,7307.0,7093.56,-213.44,213.44,2.92
Sesamum,RandomForest,2020,2021,1,7307.0,6700.63,-606.37,606.37,8.3
Sesamum,GradBoost,2020,2021,1,7307.0,6855.0,-452.0,452.0,6.19
Sesamum,Ensemble,2020,2021,1,7307.0,7447.5,140.5,140.5,1.92
Soyabean (Yellow),Naive,2019,2020,1,3880.0,3710.0,-170.0,170.0,4.38
Soyabean (Yellow),Naive,2019,2021,2,3950.0,3710.0,-240.0,240.0,6.08
Soyabean (Yellow),Drift,2019,2020,1,3880.0,4040.0,160.0,160.0,4.12
Soyabean (Yellow),Drift,2019,2021,2,3950.0,4370.0,420.0,420.0,10.63
Soyabean (Yellow),Linear,2019,2020,1,3880.0,4046.33,166.33,166.33,4.29
Soyabean (Yellow),Linear,2019,2021,2,3950.0,4376.33,426.33,426.33,10.79
Soyabean (Yellow),RidgePoly2,2019,2020,1,3880.0,4128.85,248.85,248.85,6.41
Soyabean (Yellow),RidgePoly2,2019,2021,2,3950.0,4690.51,740.51,740.51,18.75
Soyabean (Yellow),CAGR,2019,2020,1,3880.0,4105.97,225.97,225.97,5.82
Soyabean (Yellow),CAGR,2019,2021,2,3950.0,4528.48,578.48,578.48,14.65
Soyabean (Yellow),Holt,2019,2020,1,3880.0,4046.33,166.33,166.33,4.29
Soyabean (Yellow),Holt,2019,2021,2,3950.0,4376.33,426.33,426.33,10.79
Soyabean (Yellow),"ARIMA(1,1,0)",2019,2020,1,3880.0,4017.96,137.96,137.96,3.56
Soyabean (Yellow),"ARIMA(1,1,0)",2019,2021,2,3950.0,4322.91,372.91,372.91,9.44
Soyabean (Yellow),RandomForest,2019,2020,1,3880.0,3599.76,-280.24,280.24,7.22
Soyabean (Yellow),RandomForest,2019,2021,2,3950.0,3599.76,-350.24,350.24,8.87
Soyabean (Yellow),GradBoost,2019,2020,1,3880.0,3710.0,-170.0,170.0,4.38
Soyabean (Yellow),GradBoost,2019,2021,2,3950.0,3710.0,-240.0,240.0,6.08
Soyabean (Yellow),Ensemble,2019,2020,1,3880.0,4046.33,166.33,166.33,4.29
Soyabean (Yellow),Ensemble,2019,2021,2,3950.0,4376.33,426.33,426.33,10.79
Soyabean (Yellow),Naive,2020,2021,1,3950.0,3880.0,-70.0,70.0,1.77
Soyabean (Yellow),Drift,2020,2021,1,3950.0,4156.67,206.67,206.67,5.23
Soyabean (Yellow),Linear,2020,2021,1,3950.0,4210.0,260.0,260.0,6.58
Soyabean (Yellow),RidgePoly2,2020,2021,1,3950.0,4240.19,290.19,290.19,7.35
Soyabean (Yellow),CAGR,2020,2021,1,3950.0,4279.26,329.26,329.26,8.34
Soyabean (Yellow),Holt,2020,2021,1,3950.0,4210.0,260.0,260.0,6.58
Soyabean (Yellow),"ARIMA(1,1,0)",2020,2021,1,3950.0,4036.14,86.14,86.14,2.18
Soyabean (Yellow),RandomForest,2020,2021,1,3950.0,3794.8,-155.2,155.2,3.93
Soyabean (Yellow),GradBoost,2020,2021,1,3950.0,3880.0,-70.0,70.0,1.77
Soyabean (Yellow),Ensemble,2020,2021,1,3950.0,4210.0,260.0,260.0,6.58
Sunflower Seed,Naive,2019,2020,1,5885.0,5650.0,-235.0,235.0,3.99
Sunflower Seed,Naive,2019,2021,2,6015.0,5650.0,-365.0,365.0,6.07
Sunflower Seed,Drift,2019,2020,1,5885.0,6425.0,540.0,540.0,9.18
Sunflower Seed,Drift,2019,2021,2,6015.0,7200.0,1185.0,1185.0,19.7
Sunflower Seed,Linear,2019,2020,1,5885.0,6596.0,711.0,711.0,12.08
Sunflower Seed,Linear,2019,2021,2,6015.0,7371.0,1356.0,1356.0,22.54
Sunflower Seed,RidgePoly2,2019,2020,1,5885.0,6546.24,661.24,661.24,11.24
Sunflower Seed,RidgePoly2,2019,2021,2,6015.0,7556.16,1541.16,1541.16,25.62
Sunflower Seed,CAGR,2019,2020,1,5885.0,6886.81,1001.81,1001.81,17.02
Sunflower Seed,CAGR,2019,2021,2,6015.0,8084.44,2069.44,2069.44,34.4
Sunflower Seed,Holt,2019,2020,1,5885.0,6596.0,711.0,711.0,12.08
Sunflower Seed,Holt,2019,2021,2,6015.0,7371.0,1356.0,1356.0,22.54
Sunflower Seed,"ARIMA(1,1,0)",2019,2020,1,5885.0,5803.79,-81.21,81.21,1.38
Sunflower Seed,"ARIMA(1,1,0)",2019,2021,2,6015.0,5894.06,-120.94,120.94,2.01
Sunflower Seed,RandomForest,2019,2020,1,5885.0,5520.68,-364.32,364.32,6.19
Sunflower Seed,RandomForest,2019,2021,2,6015.0,5520.68,-494.32,494.32,8.22
Sunflower Seed,GradBoost,2019,2020,1,5885.0,5650.0,-235.0,235.0,3.99
Sunflower Seed,GradBoost,2019,2021,2,6015.0,5650.0,-365.0,365.0,6.07
Sunflower Seed,Ensemble,2019,2020,1,5885.0,6596.0,711.0,711.0,12.08
Sunflower Seed,Ensemble,2019,2021,2,6015.0,7371.0,1356.0,1356.0,22.54
Sunflower Seed,Naive,2020,2021,1,6015.0,5885.0,-130.0,130.0,2.16
Sunflower Seed,Drift,2020,2021,1,6015.0,6480.0,465.0,465.0,7.73
Sunflower Seed,Linear,2020,2021,1,6015.0,6660.0,645.0,645.0,10.72
Sunflower Seed,RidgePoly2,2020,2021,1,6015.0,6541.87,526.87,526.87,8.76
Sunflower Seed,CAGR,2020,2021,1,6015.0,6908.42,893.42,893.42,14.85
Sunflower Seed,Holt,2020,2021,1,6015.0,6660.0,645.0,645.0,10.72
Sunflower Seed,"ARIMA(1,1,0)",2020,2021,1,6015.0,6034.17,19.17,19.17,0.32
Sunflower Seed,RandomForest,2020,2021,1,6015.0,5774.17,-240.83,240.83,4.0
Sunflower Seed,GradBoost,2020,2021,1,6015.0,5885.0,-130.0,130.0,2.16
Sunflower Seed,Ensemble,2020,2021,1,6015.0,6660.0,645.0,645.0,10.72
Toria,Naive,2019,2020,1,4650.0,4425.0,-225.0,225.0,4.84
Toria,Naive,2019,2021,2,5050.0,4425.0,-625.0,625.0,12.38
Toria,Drift,2019,2020,1,4650.0,4687.5,37.5,37.5,0.81
Toria,Drift,2019,2021,2,5050.0,4950.0,-100.0,100.0,1.98
Toria,Linear,2019,2020,1,4650.0,4696.67,46.67,46.67,1.0
Toria,Linear,2019,2021,2,5050.0,4959.17,-90.83,90.83,1.8
Toria,RidgePoly2,2019,2020,1,4650.0,4755.87,105.87,105.87,2.28
Toria,RidgePoly2,2019,2021,2,5050.0,5194.47,144.47,144.47,2.86
Toria,CAGR,2019,2020,1,4650.0,4726.93,76.93,76.93,1.65
Toria,CAGR,2019,2021,2,5050.0,5035.05,-14.95,14.95,0.3
Toria,Holt,2019,2020,1,4650.0,4696.67,46.67,46.67,1.0
Toria,Holt,2019,2021,2,5050.0,4959.17,-90.83,90.83,1.8
Toria,"ARIMA(1,1,0)",2019,2020,1,4650.0,4652.58,2.58,2.58,0.06
Toria,"ARIMA(1,1,0)",2019,2021,2,5050.0,4872.98,-177.02,177.02,3.51
Toria,RandomForest,2019,2020,1,4650.0,4340.73,-309.27,309.27,6.65
Toria,RandomForest,2019,2021,2,5050.0,4340.73,-709.27,709.27,14.04
Toria,GradBoost,2019,2020,1,4650.0,4425.0,-225.0,225.0,4.84
Toria,GradBoost,2019,2021,2,5050.0,4425.0,-625.0,625.0,12.38
Toria,Ensemble,2019,2020,1,4650.0,4696.67,46.67,46.67,1.0
Toria,Ensemble,2019,2021,2,5050.0,4959.17,-90.83,90.83,1.8
Toria,Naive,2020,2021,1,5050.0,4650.0,-400.0,400.0,7.92
Toria,Drift,2020,2021,1,5050.0,4900.0,-150.0,150.0,2.97
Toria,Linear,2020,2021,1,5050.0,4912.5,-137.5,137.5,2.72
Toria,RidgePoly2,2020,2021,1,5050.0,4963.43,-86.57,86.57,1.71
Toria,CAGR,2020,2021,1,5050.0,4953.1,-96.9,96.9,1.92
Toria,Holt,2020,2021,1,5050.0,4912.5,-137.5,137.5,2.72
Toria,"ARIMA(1,1,0)",2020,2021,1,5050.0,4871.07,-178.93,178.93,3.54
Toria,RandomForest,2020,2021,1,5050.0,4551.33,-498.67,498.67,9.87
Toria,GradBoost,2020,2021,1,5050.0,4650.0,-400.0,400.0,7.92
Toria,Ensemble,2020,2021,1,5050.0,4912.5,-137.5,137.5,2.72
Urad,Naive,2019,2020,1,6000.0,5700.0,-300.0,300.0,5.0
Urad,Naive,2019,2021,2,6300.0,5700.0,-600.0,600.0,9.52
Urad,Drift,2019,2020,1,6000.0,5850.0,-150.0,150.0,2.5
Urad,Drift,2019,2021,2,6300.0,6000.0,-300.0,300.0,4.76
Urad,Linear,2019,2020,1,6000.0,5866.67,-133.33,133.33,2.22
Urad,Linear,2019,2021,2,6300.0,6016.67,-283.33,283.33,4.5
Urad,RidgePoly2,2019,2020,1,6000.0,5882.67,-117.33,117.33,1.96
Urad,RidgePoly2,2019,2021,2,6300.0,6110.67,-189.33,189.33,3.01
Urad,CAGR,2019,2020,1,6000.0,5874.44,-125.56,125.56,2.09
Urad,CAGR,2019,2021,2,6300.0,6035.42,-264.58,264.58,4.2
Urad,Holt,2019,2020,1,6000.0,5866.67,-133.33,133.33,2.22
Urad,Holt,2019,2021,2,6300.0,6016.67,-283.33,283.33,4.5
Urad,"ARIMA(1,1,0)",2019,2020,1,6000.0,5781.21,-218.79,218.79,3.65
Urad,"ARIMA(1,1,0)",2019,2021,2,6300.0,5847.16,-452.84,452.84,7.19
Urad,RandomForest,2019,2020,1,6000.0,5661.33,-338.67,338.67,5.64
Urad,RandomForest,2019,2021,2,6300.0,5661.33,-638.67,638.67,10.14
Urad,GradBoost,2019,2020,1,6000.0,5700.0,-300.0,300.0,5.0
Urad,GradBoost,2019,2021,2,6300.0,5700.0,-600.0,600.0,9.52
Urad,Ensemble,2019,2020,1,6000.0,5866.67,-133.33,133.33,2.22
Urad,Ensemble,2019,2021,2,6300.0,6016.67,-283.33,283.33,4.5
Urad,Naive,2020,2021,1,6300.0,6000.0,-300.0,300.0,4.76
Urad,Drift,2020,2021,1,6300.0,6200.0,-100.0,100.0,1.59
Urad,Linear,2020,2021,1,6300.0,6150.0,-150.0,150.0,2.38
Urad,RidgePoly2,2020,2021,1,6300.0,6227.48,-72.52,72.52,1.15
Urad,CAGR,2020,2021,1,6300.0,6164.41,-135.59,135.59,2.15
Urad,Holt,2020,2021,1,6300.0,6150.0,-150.0,150.0,2.38
Urad,"ARIMA(1,1,0)",2020,2021,1,6300.0,6215.59,-84.41,84.41,1.34
Urad,RandomForest,2020,2021,1,6300.0,5885.33,-414.67,414.67,6.58
Urad,GradBoost,2020,2021,1,6300.0,6000.0,-300.0,300.0,4.76
Urad,Ensemble,2020,2021,1,6300.0,6157.21,-142.79,142.79,2.27
Wheat,Naive,2019,2020,1,1975.0,1925.0,-50.0,50.0,2.53
Wheat,Naive,2019,2021,2,2015.0,1925.0,-90.0,90.0,4.47
Wheat,Drift,2019,2020,1,1975.0,2020.0,45.0,45.0,2.28
Wheat,Drift,2019,2021,2,2015.0,2115.0,100.0,100.0,4.96
Wheat,Linear,2019,2020,1,1975.0,2023.33,48.33,48.33,2.45
Wheat,Linear,2019,2021,2,2015.0,2118.33,103.33,103.33,5.13
Wheat,RidgePoly2,2019,2020,1,1975.0,2044.73,69.73,69.73,3.53
Wheat,RidgePoly2,2019,2021,2,2015.0,2203.43,188.43,188.43,9.35
Wheat,CAGR,2019,2020,1,1975.0,2032.27,57.27,57.27,2.9
Wheat,CAGR,2019,2021,2,2015.0,2140.65,125.65,125.65,6.24
Wheat,Holt,2019,2020,1,1975.0,2023.33,48.33,48.33,2.45
Wheat,Holt,2019,2021,2,2015.0,2118.33,103.33,103.33,5.13
Wheat,"ARIMA(1,1,0)",2019,2020,1,1975.0,2008.13,33.13,33.13,1.68
Wheat,"ARIMA(1,1,0)",2019,2021,2,2015.0,2089.44,74.44,74.44,3.69
Wheat,RandomForest,2019,2020,1,1975.0,1894.52,-80.48,80.48,4.08
Wheat,RandomForest,2019,2021,2,2015.0,1894.52,-120.48,120.48,5.98
Wheat,GradBoost,2019,2020,1,1975.0,1925.0,-50.0,50.0,2.53
Wheat,GradBoost,2019,2021,2,2015.0,1925.0,-90.0,90.0,4.47
Wheat,Ensemble,2019,2020,1,1975.0,2023.33,48.33,48.33,2.45
Wheat,Ensemble,2019,2021,2,2015.0,2118.33,103.33,103.33,5.13
Wheat,Naive,2020,2021,1,2015.0,1975.0,-40.0,40.0,1.99
Wheat,Drift,2020,2021,1,2015.0,2055.0,40.0,40.0,1.99
Wheat,Linear,2020,2021,1,2015.0,2070.0,55.0,55.0,2.73
Wheat,RidgePoly2,2020,2021,1,2015.0,2077.76,62.76,62.76,3.11
Wheat,CAGR,2020,2021,1,2015.0,2080.33,65.33,65.33,3.24
Wheat,Holt,2020,2021,1,2015.0,2070.0,55.0,55.0,2.73
Wheat,"ARIMA(1,1,0)",2020,2021,1,2015.0,2022.05,7.05,7.05,0.35
Wheat,RandomForest,2020,2021,1,2015.0,1950.4,-64.6,64.6,3.21
Wheat,GradBoost,2020,2021,1,2015.0,1975.0,-40.0,40.0,1.99
Wheat,Ensemble,2020,2021,1,2015.0,2070.0,55.0,55.0,2.73
