Series,Model,MAE,RMSE,MAPE,Bias,MASE
Arhar(Tur),"ARIMA(1,1,0)",175.312,198.7,2.808,-175.312,0.526
Arhar(Tur),CAGR,73.537,89.265,1.168,-72.213,0.221
Arhar(Tur),Drift,97.222,110.659,1.55,-97.222,0.292
Arhar(Tur),Ensemble,87.5,104.0,1.391,-87.5,0.262
Arhar(Tur),GradBoost,333.333,355.903,5.344,-333.333,1.0
Arhar(Tur),Holt,88.889,105.629,1.413,-88.889,0.267
Arhar(Tur),Linear,88.889,105.629,1.413,-88.889,0.267
Arhar(Tur),Naive,333.333,355.903,5.344,-333.333,1.0
Arhar(Tur),RandomForest,392.056,410.81,6.289,-392.056,1.176
Arhar(Tur),RidgePoly2,37.202,49.373,0.594,-27.424,0.112
Bajra,"ARIMA(1,1,0)",116.827,141.974,5.278,-116.827,0.701
Bajra,CAGR,442.783,477.67,19.911,442.783,2.657
Bajra,Drift,201.389,219.546,9.045,201.389,1.208
Bajra,Ensemble,269.444,286.037,12.125,269.444,1.617
Bajra,GradBoost,166.667,177.951,7.511,-166.667,1.0
Bajra,Holt,269.444,286.036,12.125,269.444,1.617
Bajra,Linear,269.444,286.037,12.125,269.444,1.617
Bajra,Naive,166.667,177.951,7.511,-166.667,1.0
Bajra,RandomForest,210.0,216.814,9.461,-210.0,1.26
Bajra,RidgePoly2,247.46,275.169,11.118,247.46,1.485
Barley,"ARIMA(1,1,0)",22.217,22.344,1.368,-5.159,0.303
Barley,CAGR,18.999,21.722,1.173,3.269,0.259
Barley,Drift,16.944,19.442,1.044,5.278,0.231
Barley,Ensemble,16.893,20.636,1.044,0.139,0.23
Barley,GradBoost,73.333,79.477,4.519,-73.333,1.0
Barley,Holt,17.778,20.287,1.099,-2.778,0.242
Barley,Linear,17.778,20.287,1.099,-2.778,0.242
Barley,Naive,73.333,79.477,4.519,-73.333,1.0
Barley,RandomForest,102.8,106.676,6.333,-102.8,1.402
Barley,RidgePoly2,47.528,58.5,2.909,47.528,0.648
Copra (Ball),"ARIMA(1,1,0)",211.017,215.613,2.016,81.926,0.465
Copra (Ball),CAGR,2318.125,2502.002,22.004,2318.125,5.114
Copra (Ball),Drift,1504.722,1652.976,14.304,1504.722,3.319
Copra (Ball),Ensemble,1569.735,1666.584,14.908,1569.735,3.463
Copra (Ball),GradBoost,453.333,481.941,4.312,-453.333,1.0
Copra (Ball),Holt,1502.803,1598.082,14.268,1502.803,3.315
Copra (Ball),Linear,1502.778,1598.055,14.268,1502.778,3.315
Copra (Ball),Naive,453.333,481.941,4.312,-453.333,1.0
Copra (Ball),RandomForest,1030.156,1081.115,9.819,-1030.156,2.272
Copra (Ball),RidgePoly2,2588.647,2943.588,24.58,2588.647,5.71
Copra (Milling),"ARIMA(1,1,0)",220.749,225.838,2.171,82.41,0.407
Copra (Milling),CAGR,2167.852,2339.686,21.144,2167.852,3.995
Copra (Milling),Drift,1352.278,1486.02,13.215,1352.278,2.492
Copra (Milling),Ensemble,1415.833,1502.921,13.819,1415.833,2.609
Copra (Milling),GradBoost,542.667,576.178,5.304,-542.667,1.0
Copra (Milling),Holt,1360.323,1445.905,13.272,1360.323,2.507
Copra (Milling),Linear,1360.333,1445.917,13.272,1360.333,2.507
Copra (Milling),Naive,542.667,576.178,5.304,-542.667,1.0
Copra (Milling),RandomForest,1090.331,1137.853,10.684,-1090.331,2.009
Copra (Milling),RidgePoly2,2361.301,2687.752,23.04,2361.301,4.351
Cotton (Long Staple),"ARIMA(1,1,0)",220.538,262.966,3.703,-220.538,0.696
Cotton (Long Staple),CAGR,878.666,944.598,14.716,878.666,2.775
Cotton (Long Staple),Drift,465.556,508.799,7.792,465.556,1.47
Cotton (Long Staple),Ensemble,617.778,656.44,10.351,617.778,1.951
Cotton (Long Staple),GradBoost,316.667,337.268,5.308,-316.667,1.0
Cotton (Long Staple),Holt,617.778,656.439,10.351,617.778,1.951
Cotton (Long Staple),Linear,617.778,656.44,10.351,617.778,1.951
Cotton (Long Staple),Naive,316.667,337.268,5.308,-316.667,1.0
Cotton (Long Staple),RandomForest,402.522,415.674,6.747,-402.522,1.271
Cotton (Long Staple),RidgePoly2,560.963,624.844,9.39,560.963,1.771
Cotton (Medium Staple),"ARIMA(1,1,0)",216.648,253.989,3.829,-216.648,0.69
Cotton (Medium Staple),CAGR,904.615,974.185,15.96,904.615,2.881
Cotton (Medium Staple),Drift,469.611,514.478,8.281,469.611,1.496
Cotton (Medium Staple),Ensemble,623.222,662.896,11.002,623.222,1.985
Cotton (Medium Staple),GradBoost,314.0,333.648,5.542,-314.0,1.0
Cotton (Medium Staple),Holt,623.222,662.895,11.002,623.222,1.985
Cotton (Medium Staple),Linear,623.222,662.896,11.002,623.222,1.985
Cotton (Medium Staple),Naive,314.0,333.648,5.542,-314.0,1.0
Cotton (Medium Staple),RandomForest,399.256,412.454,7.047,-399.256,1.272
Cotton (Medium Staple),RidgePoly2,567.394,633.78,10.006,567.394,1.807
De-Husked Coconut,"ARIMA(1,1,0)",295.552,366.37,10.69,278.633,1.936
De-Husked Coconut,CAGR,573.417,618.999,20.638,573.417,3.756
De-Husked Coconut,Drift,357.278,391.87,12.882,357.278,2.34
De-Husked Coconut,Ensemble,372.945,396.128,13.431,372.945,2.443
De-Husked Coconut,GradBoost,152.667,162.36,5.509,-152.667,1.0
De-Husked Coconut,Holt,357.889,380.804,12.884,357.889,2.344
De-Husked Coconut,Linear,357.889,380.804,12.884,357.889,2.344
De-Husked Coconut,Naive,152.667,162.36,5.509,-152.667,1.0
De-Husked Coconut,RandomForest,301.293,314.595,10.896,-301.293,1.974
De-Husked Coconut,RidgePoly2,628.794,715.415,22.64,628.794,4.119
Gram,"ARIMA(1,1,0)",86.468,98.754,1.657,86.468,0.365
Gram,CAGR,110.749,126.07,2.122,110.749,0.468
Gram,Drift,78.611,91.713,1.505,78.611,0.332
Gram,Ensemble,78.056,91.936,1.494,78.056,0.33
Gram,GradBoost,236.667,254.001,4.562,-236.667,1.0
Gram,Holt,76.111,90.618,1.456,76.111,0.322
Gram,Linear,76.111,90.618,1.456,76.111,0.322
Gram,Naive,236.667,254.001,4.562,-236.667,1.0
Gram,RandomForest,328.533,340.056,6.333,-328.533,1.388
Gram,RidgePoly2,210.747,244.161,4.043,210.747,0.89
Groundnut,"ARIMA(1,1,0)",115.486,132.577,2.091,-115.486,0.377
Groundnut,CAGR,211.532,232.031,3.88,211.532,0.69
Groundnut,Drift,105.0,129.904,1.934,105.0,0.342
Groundnut,Ensemble,146.667,164.367,2.697,146.667,0.478
Groundnut,GradBoost,306.667,327.338,5.583,-306.667,1.0
Groundnut,Holt,146.667,164.367,2.697,146.667,0.478
Groundnut,Linear,146.667,164.367,2.697,146.667,0.478
Groundnut,Naive,306.667,327.338,5.583,-306.667,1.0
Groundnut,RandomForest,386.856,403.334,7.053,-386.856,1.261
Groundnut,RidgePoly2,219.73,262.978,4.022,219.73,0.717
Jowar (Hybrid),"ARIMA(1,1,0)",40.873,50.198,1.494,-39.436,0.326
Jowar (Hybrid),CAGR,809.402,881.318,29.928,809.402,6.458
Jowar (Hybrid),Drift,401.889,447.163,14.873,401.889,3.207
Jowar (Hybrid),Ensemble,509.111,543.439,18.845,509.111,4.062
Jowar (Hybrid),GradBoost,125.333,134.373,4.616,-125.333,1.0
Jowar (Hybrid),Holt,509.11,543.439,18.845,509.11,4.062
Jowar (Hybrid),Linear,509.111,543.44,18.845,509.111,4.062
Jowar (Hybrid),Naive,125.333,134.373,4.616,-125.333,1.0
Jowar (Hybrid),RandomForest,181.044,188.153,6.686,-181.044,1.445
Jowar (Hybrid),RidgePoly2,489.949,554.198,18.123,489.949,3.909
Jowar (Maldandi),"ARIMA(1,1,0)",40.816,50.051,1.481,-39.286,0.326
Jowar (Maldandi),CAGR,797.699,868.252,29.279,797.699,6.365
Jowar (Maldandi),Drift,398.833,443.8,14.651,398.833,3.182
Jowar (Maldandi),Ensemble,505.223,539.303,18.563,505.223,4.031
Jowar (Maldandi),GradBoost,125.333,134.373,4.582,-125.333,1.0
Jowar (Maldandi),Holt,505.224,539.304,18.563,505.224,4.031
Jowar (Maldandi),Linear,505.222,539.303,18.563,505.222,4.031
Jowar (Maldandi),Naive,125.333,134.373,4.582,-125.333,1.0
Jowar (Maldandi),RandomForest,180.911,188.018,6.632,-180.911,1.443
Jowar (Maldandi),RidgePoly2,486.687,550.566,17.87,486.687,3.883
Jute,"ARIMA(1,1,0)",37.28,46.73,0.844,-37.28,0.102
Jute,CAGR,32.212,35.802,0.733,-32.212,0.088
Jute,Drift,61.111,67.358,1.382,-61.111,0.167
Jute,Ensemble,60.267,69.016,1.365,-60.267,0.164
Jute,GradBoost,366.667,388.909,8.281,-366.667,1.0
Jute,Holt,55.556,71.037,1.263,-55.556,0.152
Jute,Linear,72.222,76.679,1.633,-72.222,0.197
Jute,Naive,366.667,388.909,8.281,-366.667,1.0
Jute,RandomForest,462.722,478.778,10.457,-462.722,1.262
Jute,RidgePoly2,67.889,89.928,1.517,67.889,0.185
Maize,"ARIMA(1,1,0)",50.93,51.359,2.734,-23.219,0.695
Maize,CAGR,231.484,247.966,12.408,231.484,3.157
Maize,Drift,141.389,154.309,7.576,141.389,1.928
Maize,Ensemble,173.889,184.964,9.321,173.889,2.371
Maize,GradBoost,73.333,82.865,3.939,-73.333,1.0
Maize,Holt,173.889,184.964,9.321,173.889,2.371
Maize,Linear,173.889,184.964,9.321,173.889,2.371
Maize,Naive,73.333,82.865,3.939,-73.333,1.0
Maize,RandomForest,105.267,110.739,5.652,-105.267,1.435
Maize,RidgePoly2,181.797,201.962,9.742,181.797,2.479
Masur (Lentil),"ARIMA(1,1,0)",86.531,104.256,1.576,-86.531,0.185
Masur (Lentil),CAGR,63.384,72.446,1.159,-63.384,0.136
Masur (Lentil),Drift,97.222,110.659,1.78,-97.222,0.208
Masur (Lentil),Ensemble,104.167,116.592,1.91,-104.167,0.223
Masur (Lentil),GradBoost,466.667,496.655,8.627,-466.667,1.0
Masur (Lentil),Holt,111.111,122.663,2.04,-111.111,0.238
Masur (Lentil),Linear,111.111,122.663,2.04,-111.111,0.238
Masur (Lentil),Naive,466.667,496.655,8.627,-466.667,1.0
Masur (Lentil),RandomForest,583.833,607.376,10.81,-583.833,1.251
Masur (Lentil),RidgePoly2,87.193,107.059,1.614,68.918,0.187
Moong,"ARIMA(1,1,0)",94.559,117.116,1.305,-94.559,0.63
Moong,CAGR,1266.339,1361.263,17.458,1266.339,8.442
Moong,Drift,767.611,841.665,10.581,767.611,5.117
Moong,Ensemble,980.558,1041.933,13.519,980.558,6.537
Moong,GradBoost,150.0,161.433,2.069,-150.0,1.0
Moong,Holt,980.56,1041.935,13.519,980.56,6.537
Moong,Linear,980.556,1041.931,13.519,980.556,6.537
Moong,Naive,150.0,161.433,2.069,-150.0,1.0
Moong,RandomForest,222.029,230.806,3.063,-222.029,1.48
Moong,RidgePoly2,861.935,957.984,11.882,861.935,5.746
Nigerseed,"ARIMA(1,1,0)",608.974,691.652,8.91,-500.495,0.923
Nigerseed,CAGR,1482.33,1599.972,21.55,1482.33,2.246
Nigerseed,Drift,578.889,649.173,8.385,578.889,0.877
Nigerseed,Ensemble,796.007,849.319,11.568,796.007,1.206
Nigerseed,GradBoost,660.0,731.517,9.651,-660.0,1.0
Nigerseed,Holt,796.014,849.327,11.568,796.014,1.206
Nigerseed,Linear,796.0,849.312,11.568,796.0,1.206
Nigerseed,Naive,660.0,731.517,9.651,-660.0,1.0
Nigerseed,RandomForest,812.342,843.953,11.864,-812.342,1.231
Nigerseed,RidgePoly2,686.302,765.274,9.952,686.302,1.04
Paddy (Common),"ARIMA(1,1,0)",30.932,35.512,1.601,-30.932,0.371
Paddy (Common),CAGR,140.332,151.089,7.316,140.332,1.684
Paddy (Common),Drift,84.5,95.002,4.408,84.5,1.014
Paddy (Common),Ensemble,108.334,116.147,5.652,108.334,1.3
Paddy (Common),GradBoost,83.333,88.728,4.331,-83.333,1.0
Paddy (Common),Holt,108.334,116.148,5.652,108.334,1.3
Paddy (Common),Linear,108.333,116.147,5.652,108.333,1.3
Paddy (Common),Naive,83.333,88.728,4.331,-83.333,1.0
Paddy (Common),RandomForest,110.076,114.317,5.727,-110.076,1.321
Paddy (Common),RidgePoly2,124.134,142.455,6.468,124.134,1.49
Paddy (Grade 'A'),"ARIMA(1,1,0)",28.066,32.463,1.437,-28.066,0.337
Paddy (Grade 'A'),CAGR,119.371,128.544,6.16,119.371,1.432
Paddy (Grade 'A'),Drift,72.278,81.603,3.733,72.278,0.867
Paddy (Grade 'A'),Ensemble,92.778,99.632,4.791,92.778,1.113
Paddy (Grade 'A'),GradBoost,83.333,88.728,4.286,-83.333,1.0
Paddy (Grade 'A'),Holt,92.778,99.632,4.791,92.778,1.113
Paddy (Grade 'A'),Linear,92.778,99.632,4.791,92.778,1.113
Paddy (Grade 'A'),Naive,83.333,88.728,4.286,-83.333,1.0
Paddy (Grade 'A'),RandomForest,109.542,113.781,5.641,-109.542,1.315
Paddy (Grade 'A'),RidgePoly2,111.084,127.946,5.728,111.084,1.333
Ragi,"ARIMA(1,1,0)",48.317,51.129,1.437,48.317,0.319
Ragi,CAGR,1336.579,1455.526,39.824,1336.579,8.832
Ragi,Drift,628.667,688.868,18.734,628.667,4.154
Ragi,Ensemble,764.667,811.435,22.792,764.667,5.053
Ragi,GradBoost,151.333,162.561,4.517,-151.333,1.0
Ragi,Holt,764.668,811.435,22.792,764.668,5.053
Ragi,Linear,764.667,811.434,22.792,764.667,5.053
Ragi,Naive,151.333,162.561,4.517,-151.333,1.0
Ragi,RandomForest,254.031,264.994,7.586,-254.031,1.679
Ragi,RidgePoly2,791.87,885.24,23.593,791.87,5.233
Rapeseed/Mustard,"ARIMA(1,1,0)",119.956,146.042,2.377,-119.956,0.288
Rapeseed/Mustard,CAGR,106.11,129.344,2.102,-105.102,0.255
Rapeseed/Mustard,Drift,131.944,156.809,2.62,-131.944,0.317
Rapeseed/Mustard,Ensemble,134.028,158.566,2.662,-134.028,0.322
Rapeseed/Mustard,GradBoost,416.667,447.679,8.379,-416.667,1.0
Rapeseed/Mustard,Holt,136.111,160.331,2.705,-136.111,0.327
Rapeseed/Mustard,Linear,136.111,160.331,2.705,-136.111,0.327
Rapeseed/Mustard,Naive,416.667,447.679,8.379,-416.667,1.0
Rapeseed/Mustard,RandomForest,501.0,526.948,10.093,-501.0,1.202
Rapeseed/Mustard,RidgePoly2,66.17,77.517,1.338,-15.059,0.159
Safflower,"ARIMA(1,1,0)",56.785,58.781,1.052,33.196,0.377
Safflower,CAGR,865.569,930.2,15.998,865.569,5.745
Safflower,Drift,543.167,598.837,10.041,543.167,3.605
Safflower,Ensemble,656.556,697.527,12.138,656.556,4.358
Safflower,GradBoost,150.667,159.808,2.784,-150.667,1.0
Safflower,Holt,656.555,697.527,12.138,656.555,4.358
Safflower,Linear,656.556,697.527,12.138,656.556,4.358
Safflower,Naive,150.667,159.808,2.784,-150.667,1.0
Safflower,RandomForest,249.391,258.532,4.613,-249.391,1.655
Safflower,RidgePoly2,708.183,797.06,13.088,708.183,4.7
Sesamum,"ARIMA(1,1,0)",348.43,391.578,4.838,-348.43,0.636
Sesamum,CAGR,515.651,558.911,7.199,515.651,0.941
Sesamum,Drift,217.278,248.781,3.04,217.278,0.396
Sesamum,Ensemble,321.223,350.434,4.499,321.223,0.586
Sesamum,GradBoost,548.0,582.205,7.611,-548.0,1.0
Sesamum,Holt,321.223,350.435,4.499,321.223,0.586
Sesamum,Linear,321.222,350.434,4.499,321.222,0.586
Sesamum,Naive,548.0,582.205,7.611,-548.0,1.0
Sesamum,RandomForest,671.951,698.369,9.34,-671.951,1.226
Sesamum,RidgePoly2,370.753,432.857,5.171,370.753,0.677
Soyabean (Yellow),"ARIMA(1,1,0)",199.001,234.884,5.059,199.001,1.244
Soyabean (Yellow),CAGR,377.904,405.84,9.602,377.904,2.362
Soyabean (Yellow),Drift,262.222,285.605,6.663,262.222,1.639
Soyabean (Yellow),Ensemble,284.222,303.879,7.221,284.222,1.776
Soyabean (Yellow),GradBoost,160.0,174.547,4.077,-160.0,1.0
Soyabean (Yellow),Holt,284.222,303.879,7.221,284.222,1.776
Soyabean (Yellow),Linear,284.222,303.879,7.221,284.222,1.776
Soyabean (Yellow),Naive,160.0,174.547,4.077,-160.0,1.0
Soyabean (Yellow),RandomForest,261.896,274.04,6.673,-261.896,1.637
Soyabean (Yellow),RidgePoly2,426.517,481.143,10.836,426.517,2.666
Sunflower Seed,"ARIMA(1,1,0)",73.773,84.831,1.236,-60.992,0.303
Sunflower Seed,CAGR,1321.557,1424.127,22.094,1321.557,5.431
Sunflower Seed,Drift,730.0,798.342,12.202,730.0,3.0
Sunflower Seed,Ensemble,904.0,959.215,15.116,904.0,3.715
Sunflower Seed,GradBoost,243.333,261.63,4.074,-243.333,1.0
Sunflower Seed,Holt,903.999,959.215,15.116,903.999,3.715
Sunflower Seed,Linear,904.0,959.215,15.116,904.0,3.715
Sunflower Seed,Naive,243.333,261.63,4.074,-243.333,1.0
Sunflower Seed,RandomForest,366.491,380.825,6.138,-366.491,1.506
Sunflower Seed,RidgePoly2,909.756,1014.89,15.206,909.756,3.739
Toria,"ARIMA(1,1,0)",119.511,145.326,2.368,-117.79,0.287
Toria,CAGR,62.927,71.952,1.29,-11.639,0.151
Toria,Drift,95.833,106.311,1.919,-70.833,0.23
Toria,Ensemble,91.667,98.885,1.842,-60.555,0.22
Toria,GradBoost,416.667,447.679,8.379,-416.667,1.0
Toria,Holt,91.667,98.885,1.842,-60.555,0.22
Toria,Linear,91.667,98.885,1.842,-60.556,0.22
Toria,Naive,416.667,447.679,8.379,-416.667,1.0
Toria,RandomForest,505.733,531.468,10.19,-505.733,1.214
Toria,RidgePoly2,112.302,114.852,2.284,54.587,0.27
Urad,"ARIMA(1,1,0)",252.014,294.427,4.058,-252.014,0.63
Urad,CAGR,175.243,186.327,2.815,-175.243,0.438
Urad,Drift,183.333,202.073,2.95,-183.333,0.458
Urad,Ensemble,186.487,198.7,2.995,-186.487,0.466
Urad,GradBoost,400.0,424.264,6.429,-400.0,1.0
Urad,Holt,188.889,200.462,3.034,-188.889,0.472
Urad,Linear,188.889,200.462,3.034,-188.889,0.472
Urad,Naive,400.0,424.264,6.429,-400.0,1.0
Urad,RandomForest,464.0,481.158,7.455,-464.0,1.16
Urad,RidgePoly2,126.397,135.246,2.037,-126.397,0.316
Wheat,"ARIMA(1,1,0)",38.207,47.216,1.907,38.207,0.637
Wheat,CAGR,82.75,88.197,4.126,82.75,1.379
Wheat,Drift,61.667,67.392,3.075,61.667,1.028
Wheat,Ensemble,68.889,73.118,3.435,68.889,1.148
Wheat,GradBoost,60.0,63.77,2.994,-60.0,1.0
Wheat,Holt,68.889,73.118,3.435,68.889,1.148
Wheat,Linear,68.889,73.118,3.435,68.889,1.148
Wheat,Naive,60.0,63.77,2.994,-60.0,1.0
Wheat,RandomForest,88.522,91.591,4.42,-88.522,1.475
Wheat,RidgePoly2,106.976,121.53,5.332,106.976,1.783
