Series,Model,Season_Label,Year,Forecast
Arhar(Tur),Naive,2022-23,2022,6300.0
Arhar(Tur),Naive,2023-24,2023,6300.0
Arhar(Tur),Naive,2024-25,2024,6300.0
Arhar(Tur),Drift,2022-23,2022,6512.5
Arhar(Tur),Drift,2023-24,2023,6725.0
Arhar(Tur),Drift,2024-25,2024,6937.5
Arhar(Tur),Linear,2022-23,2022,6452.5
Arhar(Tur),Linear,2023-24,2023,6655.0
Arhar(Tur),Linear,2024-25,2024,6857.5
Arhar(Tur),RidgePoly2,2022-23,2022,6539.1
Arhar(Tur),RidgePoly2,2023-24,2023,6867.8
Arhar(Tur),RidgePoly2,2024-25,2024,7238.3
Arhar(Tur),CAGR,2022-23,2022,6475.6
Arhar(Tur),CAGR,2023-24,2023,6703.3
Arhar(Tur),CAGR,2024-25,2024,6938.9
Arhar(Tur),Holt,2022-23,2022,6452.5
Arhar(Tur),Holt,2023-24,2023,6655.0
Arhar(Tur),Holt,2024-25,2024,6857.5
Arhar(Tur),"ARIMA(1,1,0)",2022-23,2022,6568.3
Arhar(Tur),"ARIMA(1,1,0)",2023-24,2023,6808.3
Arhar(Tur),"ARIMA(1,1,0)",2024-25,2024,7022.9
Arhar(Tur),RandomForest,2022-23,2022,6189.5
Arhar(Tur),RandomForest,2023-24,2023,6189.5
Arhar(Tur),RandomForest,2024-25,2024,6189.5
Arhar(Tur),GradBoost,2022-23,2022,6300.0
Arhar(Tur),GradBoost,2023-24,2023,6300.0
Arhar(Tur),GradBoost,2024-25,2024,6300.0
Arhar(Tur),Ensemble,2022-23,2022,6464.0
Arhar(Tur),Ensemble,2023-24,2023,6679.1
Arhar(Tur),Ensemble,2024-25,2024,6897.5
Bajra,Naive,2022-23,2022,2250.0
Bajra,Naive,2023-24,2023,2250.0
Bajra,Naive,2024-25,2024,2250.0
Bajra,Drift,2022-23,2022,2456.2
Bajra,Drift,2023-24,2023,2662.5
Bajra,Drift,2024-25,2024,2868.8
Bajra,Linear,2022-23,2022,2510.0
Bajra,Linear,2023-24,2023,2695.0
Bajra,Linear,2024-25,2024,2880.0
Bajra,RidgePoly2,2022-23,2022,2475.1
Bajra,RidgePoly2,2023-24,2023,2678.4
Bajra,RidgePoly2,2024-25,2024,2894.5
Bajra,CAGR,2022-23,2022,2616.0
Bajra,CAGR,2023-24,2023,2894.4
Bajra,CAGR,2024-25,2024,3202.4
Bajra,Holt,2022-23,2022,2510.0
Bajra,Holt,2023-24,2023,2695.0
Bajra,Holt,2024-25,2024,2880.0
Bajra,"ARIMA(1,1,0)",2022-23,2022,2311.5
Bajra,"ARIMA(1,1,0)",2023-24,2023,2349.3
Bajra,"ARIMA(1,1,0)",2024-25,2024,2372.5
Bajra,RandomForest,2022-23,2022,2207.0
Bajra,RandomForest,2023-24,2023,2207.0
Bajra,RandomForest,2024-25,2024,2207.0
Bajra,GradBoost,2022-23,2022,2250.0
Bajra,GradBoost,2023-24,2023,2250.0
Bajra,GradBoost,2024-25,2024,2250.0
Bajra,Ensemble,2022-23,2022,2510.0
Bajra,Ensemble,2023-24,2023,2695.0
Bajra,Ensemble,2024-25,2024,2880.0
Barley,Naive,2022-23,2022,1635.0
Barley,Naive,2023-24,2023,1635.0
Barley,Naive,2024-25,2024,1635.0
Barley,Drift,2022-23,2022,1691.2
Barley,Drift,2023-24,2023,1747.5
Barley,Drift,2024-25,2024,1803.8
Barley,Linear,2022-23,2022,1705.0
Barley,Linear,2023-24,2023,1766.0
Barley,Linear,2024-25,2024,1827.0
Barley,RidgePoly2,2022-23,2022,1723.0
Barley,RidgePoly2,2023-24,2023,1815.1
Barley,RidgePoly2,2024-25,2024,1918.1
Barley,CAGR,2022-23,2022,1714.0
Barley,CAGR,2023-24,2023,1784.2
Barley,CAGR,2024-25,2024,1857.3
Barley,Holt,2022-23,2022,1705.0
Barley,Holt,2023-24,2023,1766.0
Barley,Holt,2024-25,2024,1827.0
Barley,"ARIMA(1,1,0)",2022-23,2022,1661.0
Barley,"ARIMA(1,1,0)",2023-24,2023,1680.4
Barley,"ARIMA(1,1,0)",2024-25,2024,1694.8
Barley,RandomForest,2022-23,2022,1617.8
Barley,RandomForest,2023-24,2023,1617.8
Barley,RandomForest,2024-25,2024,1617.8
Barley,GradBoost,2022-23,2022,1635.0
Barley,GradBoost,2023-24,2023,1635.0
Barley,GradBoost,2024-25,2024,1635.0
Barley,Ensemble,2022-23,2022,1705.0
Barley,Ensemble,2023-24,2023,1766.0
Barley,Ensemble,2024-25,2024,1827.0
Copra (Ball),Naive,2022-23,2022,10600.0
Copra (Ball),Naive,2023-24,2023,10600.0
Copra (Ball),Naive,2024-25,2024,10600.0
Copra (Ball),Drift,2022-23,2022,11553.8
Copra (Ball),Drift,2023-24,2023,12507.5
Copra (Ball),Drift,2024-25,2024,13461.2
Copra (Ball),Linear,2022-23,2022,12125.0
Copra (Ball),Linear,2023-24,2023,13143.0
Copra (Ball),Linear,2024-25,2024,14161.0
Copra (Ball),RidgePoly2,2022-23,2022,12053.3
Copra (Ball),RidgePoly2,2023-24,2023,13274.1
Copra (Ball),RidgePoly2,2024-25,2024,14592.1
Copra (Ball),CAGR,2022-23,2022,12717.9
Copra (Ball),CAGR,2023-24,2023,14306.1
Copra (Ball),CAGR,2024-25,2024,16092.6
Copra (Ball),Holt,2022-23,2022,12125.0
Copra (Ball),Holt,2023-24,2023,13142.9
Copra (Ball),Holt,2024-25,2024,14160.9
Copra (Ball),"ARIMA(1,1,0)",2022-23,2022,10696.9
Copra (Ball),"ARIMA(1,1,0)",2023-24,2023,10728.2
Copra (Ball),"ARIMA(1,1,0)",2024-25,2024,10738.3
Copra (Ball),RandomForest,2022-23,2022,10462.7
Copra (Ball),RandomForest,2023-24,2023,10462.7
Copra (Ball),RandomForest,2024-25,2024,10462.7
Copra (Ball),GradBoost,2022-23,2022,10600.0
Copra (Ball),GradBoost,2023-24,2023,10600.0
Copra (Ball),GradBoost,2024-25,2024,10600.0
Copra (Ball),Ensemble,2022-23,2022,12125.0
Copra (Ball),Ensemble,2023-24,2023,13143.0
Copra (Ball),Ensemble,2024-25,2024,14161.0
Copra (Milling),Naive,2022-23,2022,10335.0
Copra (Milling),Naive,2023-24,2023,10335.0
Copra (Milling),Naive,2024-25,2024,10335.0
Copra (Milling),Drift,2022-23,2022,11293.8
Copra (Milling),Drift,2023-24,2023,12252.5
Copra (Milling),Drift,2024-25,2024,13211.2
Copra (Milling),Linear,2022-23,2022,11801.1
Copra (Milling),Linear,2023-24,2023,12813.0
Copra (Milling),Linear,2024-25,2024,13824.9
Copra (Milling),RidgePoly2,2022-23,2022,11760.6
Copra (Milling),RidgePoly2,2023-24,2023,13000.4
Copra (Milling),RidgePoly2,2024-25,2024,14343.6
Copra (Milling),CAGR,2022-23,2022,12404.5
Copra (Milling),CAGR,2023-24,2023,13999.6
Copra (Milling),CAGR,2024-25,2024,15799.8
Copra (Milling),Holt,2022-23,2022,11801.1
Copra (Milling),Holt,2023-24,2023,12813.0
Copra (Milling),Holt,2024-25,2024,13824.9
Copra (Milling),"ARIMA(1,1,0)",2022-23,2022,10496.1
Copra (Milling),"ARIMA(1,1,0)",2023-24,2023,10565.4
Copra (Milling),"ARIMA(1,1,0)",2024-25,2024,10595.1
Copra (Milling),RandomForest,2022-23,2022,10170.7
Copra (Milling),RandomForest,2023-24,2023,10170.7
Copra (Milling),RandomForest,2024-25,2024,10170.7
Copra (Milling),GradBoost,2022-23,2022,10335.0
Copra (Milling),GradBoost,2023-24,2023,10335.0
Copra (Milling),GradBoost,2024-25,2024,10335.0
Copra (Milling),Ensemble,2022-23,2022,11801.1
Copra (Milling),Ensemble,2023-24,2023,12813.0
Copra (Milling),Ensemble,2024-25,2024,13824.9
Cotton (Long Staple),Naive,2022-23,2022,6025.0
Cotton (Long Staple),Naive,2023-24,2023,6025.0
Cotton (Long Staple),Naive,2024-25,2024,6025.0
Cotton (Long Staple),Drift,2022-23,2022,6451.2
Cotton (Long Staple),Drift,2023-24,2023,6877.5
Cotton (Long Staple),Drift,2024-25,2024,7303.8
Cotton (Long Staple),Linear,2022-23,2022,6569.5
Cotton (Long Staple),Linear,2023-24,2023,6948.0
Cotton (Long Staple),Linear,2024-25,2024,7326.5
Cotton (Long Staple),RidgePoly2,2022-23,2022,6480.2
Cotton (Long Staple),RidgePoly2,2023-24,2023,6880.8
Cotton (Long Staple),RidgePoly2,2024-25,2024,7303.6
Cotton (Long Staple),CAGR,2022-23,2022,6724.2
Cotton (Long Staple),CAGR,2023-24,2023,7234.8
Cotton (Long Staple),CAGR,2024-25,2024,7784.1
Cotton (Long Staple),Holt,2022-23,2022,6569.5
Cotton (Long Staple),Holt,2023-24,2023,6948.0
Cotton (Long Staple),Holt,2024-25,2024,7326.5
Cotton (Long Staple),"ARIMA(1,1,0)",2022-23,2022,6145.4
Cotton (Long Staple),"ARIMA(1,1,0)",2023-24,2023,6217.9
Cotton (Long Staple),"ARIMA(1,1,0)",2024-25,2024,6261.5
Cotton (Long Staple),RandomForest,2022-23,2022,5940.8
Cotton (Long Staple),RandomForest,2023-24,2023,5940.8
Cotton (Long Staple),RandomForest,2024-25,2024,5940.8
Cotton (Long Staple),GradBoost,2022-23,2022,6025.0
Cotton (Long Staple),GradBoost,2023-24,2023,6025.0
Cotton (Long Staple),GradBoost,2024-25,2024,6025.0
Cotton (Long Staple),Ensemble,2022-23,2022,6569.5
Cotton (Long Staple),Ensemble,2023-24,2023,6948.0
Cotton (Long Staple),Ensemble,2024-25,2024,7326.5
Cotton (Medium Staple),Naive,2022-23,2022,5726.0
Cotton (Medium Staple),Naive,2023-24,2023,5726.0
Cotton (Medium Staple),Naive,2024-25,2024,5726.0
Cotton (Medium Staple),Drift,2022-23,2022,6152.5
Cotton (Medium Staple),Drift,2023-24,2023,6579.0
Cotton (Medium Staple),Drift,2024-25,2024,7005.5
Cotton (Medium Staple),Linear,2022-23,2022,6266.3
Cotton (Medium Staple),Linear,2023-24,2023,6644.0
Cotton (Medium Staple),Linear,2024-25,2024,7021.7
Cotton (Medium Staple),RidgePoly2,2022-23,2022,6177.0
Cotton (Medium Staple),RidgePoly2,2023-24,2023,6576.6
Cotton (Medium Staple),RidgePoly2,2024-25,2024,6998.3
Cotton (Medium Staple),CAGR,2022-23,2022,6431.3
Cotton (Medium Staple),CAGR,2023-24,2023,6950.2
Cotton (Medium Staple),CAGR,2024-25,2024,7511.0
Cotton (Medium Staple),Holt,2022-23,2022,6266.3
Cotton (Medium Staple),Holt,2023-24,2023,6644.0
Cotton (Medium Staple),Holt,2024-25,2024,7021.7
Cotton (Medium Staple),"ARIMA(1,1,0)",2022-23,2022,5855.3
Cotton (Medium Staple),"ARIMA(1,1,0)",2023-24,2023,5934.6
Cotton (Medium Staple),"ARIMA(1,1,0)",2024-25,2024,5983.2
Cotton (Medium Staple),RandomForest,2022-23,2022,5639.4
Cotton (Medium Staple),RandomForest,2023-24,2023,5639.4
Cotton (Medium Staple),RandomForest,2024-25,2024,5639.4
Cotton (Medium Staple),GradBoost,2022-23,2022,5726.0
Cotton (Medium Staple),GradBoost,2023-24,2023,5726.0
Cotton (Medium Staple),GradBoost,2024-25,2024,5726.0
Cotton (Medium Staple),Ensemble,2022-23,2022,6266.3
Cotton (Medium Staple),Ensemble,2023-24,2023,6644.0
Cotton (Medium Staple),Ensemble,2024-25,2024,7021.7
De-Husked Coconut,Naive,2022-23,2022,2800.0
De-Husked Coconut,Naive,2023-24,2023,2800.0
De-Husked Coconut,Naive,2024-25,2024,2800.0
De-Husked Coconut,Drift,2022-23,2022,3060.0
De-Husked Coconut,Drift,2023-24,2023,3320.0
De-Husked Coconut,Drift,2024-25,2024,3580.0
De-Husked Coconut,Linear,2022-23,2022,3197.2
De-Husked Coconut,Linear,2023-24,2023,3472.2
De-Husked Coconut,Linear,2024-25,2024,3747.2
De-Husked Coconut,RidgePoly2,2022-23,2022,3188.7
De-Husked Coconut,RidgePoly2,2023-24,2023,3527.7
De-Husked Coconut,RidgePoly2,2024-25,2024,3895.4
De-Husked Coconut,CAGR,2022-23,2022,3361.0
De-Husked Coconut,CAGR,2023-24,2023,3794.8
De-Husked Coconut,CAGR,2024-25,2024,4284.6
De-Husked Coconut,Holt,2022-23,2022,3197.2
De-Husked Coconut,Holt,2023-24,2023,3472.2
De-Husked Coconut,Holt,2024-25,2024,3747.2
De-Husked Coconut,"ARIMA(1,1,0)",2022-23,2022,2861.1
De-Husked Coconut,"ARIMA(1,1,0)",2023-24,2023,2898.3
De-Husked Coconut,"ARIMA(1,1,0)",2024-25,2024,2921.1
De-Husked Coconut,RandomForest,2022-23,2022,2755.3
De-Husked Coconut,RandomForest,2023-24,2023,2755.3
De-Husked Coconut,RandomForest,2024-25,2024,2755.3
De-Husked Coconut,GradBoost,2022-23,2022,2800.0
De-Husked Coconut,GradBoost,2023-24,2023,2800.0
De-Husked Coconut,GradBoost,2024-25,2024,2800.0
De-Husked Coconut,Ensemble,2022-23,2022,3197.2
De-Husked Coconut,Ensemble,2023-24,2023,3472.2
De-Husked Coconut,Ensemble,2024-25,2024,3747.2
Gram,Naive,2022-23,2022,5230.0
Gram,Naive,2023-24,2023,5230.0
Gram,Naive,2024-25,2024,5230.0
Gram,Drift,2022-23,2022,5437.5
Gram,Drift,2023-24,2023,5645.0
Gram,Drift,2024-25,2024,5852.5
Gram,Linear,2022-23,2022,5487.0
Gram,Linear,2023-24,2023,5701.0
Gram,Linear,2024-25,2024,5915.0
Gram,RidgePoly2,2022-23,2022,5525.1
Gram,RidgePoly2,2023-24,2023,5827.0
Gram,RidgePoly2,2024-25,2024,6161.2
Gram,CAGR,2022-23,2022,5525.0
Gram,CAGR,2023-24,2023,5776.2
Gram,CAGR,2024-25,2024,6038.7
Gram,Holt,2022-23,2022,5487.0
Gram,Holt,2023-24,2023,5701.0
Gram,Holt,2024-25,2024,5915.0
Gram,"ARIMA(1,1,0)",2022-23,2022,5351.6
Gram,"ARIMA(1,1,0)",2023-24,2023,5465.3
Gram,"ARIMA(1,1,0)",2024-25,2024,5571.6
Gram,RandomForest,2022-23,2022,5170.6
Gram,RandomForest,2023-24,2023,5170.6
Gram,RandomForest,2024-25,2024,5170.6
Gram,GradBoost,2022-23,2022,5230.0
Gram,GradBoost,2023-24,2023,5230.0
Gram,GradBoost,2024-25,2024,5230.0
Gram,Ensemble,2022-23,2022,5487.0
Gram,Ensemble,2023-24,2023,5701.0
Gram,Ensemble,2024-25,2024,5915.0
Groundnut,Naive,2022-23,2022,5550.0
Groundnut,Naive,2023-24,2023,5550.0
Groundnut,Naive,2024-25,2024,5550.0
Groundnut,Drift,2022-23,2022,5825.0
Groundnut,Drift,2023-24,2023,6100.0
Groundnut,Drift,2024-25,2024,6375.0
Groundnut,Linear,2022-23,2022,5826.5
Groundnut,Linear,2023-24,2023,6085.0
Groundnut,Linear,2024-25,2024,6343.5
Groundnut,RidgePoly2,2022-23,2022,5861.6
Groundnut,RidgePoly2,2023-24,2023,6217.1
Groundnut,RidgePoly2,2024-25,2024,6609.0
Groundnut,CAGR,2022-23,2022,5883.2
Groundnut,CAGR,2023-24,2023,6195.7
Groundnut,CAGR,2024-25,2024,6524.8
Groundnut,Holt,2022-23,2022,5826.5
Groundnut,Holt,2023-24,2023,6085.0
Groundnut,Holt,2024-25,2024,6343.5
Groundnut,"ARIMA(1,1,0)",2022-23,2022,5787.5
Groundnut,"ARIMA(1,1,0)",2023-24,2023,5992.6
Groundnut,"ARIMA(1,1,0)",2024-25,2024,6169.8
Groundnut,RandomForest,2022-23,2022,5448.0
Groundnut,RandomForest,2023-24,2023,5448.0
Groundnut,RandomForest,2024-25,2024,5448.0
Groundnut,GradBoost,2022-23,2022,5550.0
Groundnut,GradBoost,2023-24,2023,5550.0
Groundnut,GradBoost,2024-25,2024,5550.0
Groundnut,Ensemble,2022-23,2022,5826.5
Groundnut,Ensemble,2023-24,2023,6092.5
Groundnut,Ensemble,2024-25,2024,6359.2
Jowar (Hybrid),Naive,2022-23,2022,2738.0
Jowar (Hybrid),Naive,2023-24,2023,2738.0
Jowar (Hybrid),Naive,2024-25,2024,2738.0
Jowar (Hybrid),Drift,2022-23,2022,2997.5
Jowar (Hybrid),Drift,2023-24,2023,3257.0
Jowar (Hybrid),Drift,2024-25,2024,3516.5
Jowar (Hybrid),Linear,2022-23,2022,3087.4
Jowar (Hybrid),Linear,2023-24,2023,3314.0
Jowar (Hybrid),Linear,2024-25,2024,3540.6
Jowar (Hybrid),RidgePoly2,2022-23,2022,3002.3
Jowar (Hybrid),RidgePoly2,2023-24,2023,3215.2
Jowar (Hybrid),RidgePoly2,2024-25,2024,3434.3
Jowar (Hybrid),CAGR,2022-23,2022,3233.4
Jowar (Hybrid),CAGR,2023-24,2023,3583.7
Jowar (Hybrid),CAGR,2024-25,2024,3971.9
Jowar (Hybrid),Holt,2022-23,2022,3087.4
Jowar (Hybrid),Holt,2023-24,2023,3314.0
Jowar (Hybrid),Holt,2024-25,2024,3540.6
Jowar (Hybrid),"ARIMA(1,1,0)",2022-23,2022,2820.3
Jowar (Hybrid),"ARIMA(1,1,0)",2023-24,2023,2877.7
Jowar (Hybrid),"ARIMA(1,1,0)",2024-25,2024,2917.8
Jowar (Hybrid),RandomForest,2022-23,2022,2694.7
Jowar (Hybrid),RandomForest,2023-24,2023,2694.7
Jowar (Hybrid),RandomForest,2024-25,2024,2694.7
Jowar (Hybrid),GradBoost,2022-23,2022,2738.0
Jowar (Hybrid),GradBoost,2023-24,2023,2738.0
Jowar (Hybrid),GradBoost,2024-25,2024,2738.0
Jowar (Hybrid),Ensemble,2022-23,2022,3087.4
Jowar (Hybrid),Ensemble,2023-24,2023,3314.0
Jowar (Hybrid),Ensemble,2024-25,2024,3540.6
Jowar (Maldandi),Naive,2022-23,2022,2758.0
Jowar (Maldandi),Naive,2023-24,2023,2758.0
Jowar (Maldandi),Naive,2024-25,2024,2758.0
Jowar (Maldandi),Drift,2022-23,2022,3016.2
Jowar (Maldandi),Drift,2023-24,2023,3274.5
Jowar (Maldandi),Drift,2024-25,2024,3532.8
Jowar (Maldandi),Linear,2022-23,2022,3105.4
Jowar (Maldandi),Linear,2023-24,2023,3331.0
Jowar (Maldandi),Linear,2024-25,2024,3556.6
Jowar (Maldandi),RidgePoly2,2022-23,2022,3021.2
Jowar (Maldandi),RidgePoly2,2023-24,2023,3233.6
Jowar (Maldandi),RidgePoly2,2024-25,2024,3452.3
Jowar (Maldandi),CAGR,2022-23,2022,3248.1
Jowar (Maldandi),CAGR,2023-24,2023,3594.5
Jowar (Maldandi),CAGR,2024-25,2024,3977.8
Jowar (Maldandi),Holt,2022-23,2022,3105.4
Jowar (Maldandi),Holt,2023-24,2023,3331.0
Jowar (Maldandi),Holt,2024-25,2024,3556.6
Jowar (Maldandi),"ARIMA(1,1,0)",2022-23,2022,2840.5
Jowar (Maldandi),"ARIMA(1,1,0)",2023-24,2023,2898.1
Jowar (Maldandi),"ARIMA(1,1,0)",2024-25,2024,2938.4
Jowar (Maldandi),RandomForest,2022-23,2022,2714.7
Jowar (Maldandi),RandomForest,2023-24,2023,2714.7
Jowar (Maldandi),RandomForest,2024-25,2024,2714.7
Jowar (Maldandi),GradBoost,2022-23,2022,2758.0
Jowar (Maldandi),GradBoost,2023-24,2023,2758.0
Jowar (Maldandi),GradBoost,2024-25,2024,2758.0
Jowar (Maldandi),Ensemble,2022-23,2022,3105.4
Jowar (Maldandi),Ensemble,2023-24,2023,3331.0
Jowar (Maldandi),Ensemble,2024-25,2024,3556.6
Jute,Naive,2022-23,2022,4500.0
Jute,Naive,2023-24,2023,4500.0
Jute,Naive,2024-25,2024,4500.0
Jute,Drift,2022-23,2022,4750.0
Jute,Drift,2023-24,2023,5000.0
Jute,Drift,2024-25,2024,5250.0
Jute,Linear,2022-23,2022,4732.5
Jute,Linear,2023-24,2023,4985.0
Jute,Linear,2024-25,2024,5237.5
Jute,RidgePoly2,2022-23,2022,4827.9
Jute,RidgePoly2,2023-24,2023,5227.1
Jute,RidgePoly2,2024-25,2024,5675.5
Jute,CAGR,2022-23,2022,4790.2
Jute,CAGR,2023-24,2023,5104.4
Jute,CAGR,2024-25,2024,5439.2
Jute,Holt,2022-23,2022,4775.0
Jute,Holt,2023-24,2023,5050.0
Jute,Holt,2024-25,2024,5325.0
Jute,"ARIMA(1,1,0)",2022-23,2022,4771.6
Jute,"ARIMA(1,1,0)",2023-24,2023,5039.8
Jute,"ARIMA(1,1,0)",2024-25,2024,5304.6
Jute,RandomForest,2022-23,2022,4391.1
Jute,RandomForest,2023-24,2023,4391.1
Jute,RandomForest,2024-25,2024,4391.1
Jute,GradBoost,2022-23,2022,4500.0
Jute,GradBoost,2023-24,2023,4500.0
Jute,GradBoost,2024-25,2024,4500.0
Jute,Ensemble,2022-23,2022,4762.5
Jute,Ensemble,2023-24,2023,5025.0
Jute,Ensemble,2024-25,2024,5287.5
Maize,Naive,2022-23,2022,1870.0
Maize,Naive,2023-24,2023,1870.0
Maize,Naive,2024-25,2024,1870.0
Maize,Drift,2022-23,2022,1981.2
Maize,Drift,2023-24,2023,2092.5
Maize,Drift,2024-25,2024,2203.8
Maize,Linear,2022-23,2022,2033.0
Maize,Linear,2023-24,2023,2137.0
Maize,Linear,2024-25,2024,2241.0
Maize,RidgePoly2,2022-23,2022,2006.4
Maize,RidgePoly2,2023-24,2023,2114.8
Maize,RidgePoly2,2024-25,2024,2228.8
Maize,CAGR,2022-23,2022,2068.2
Maize,CAGR,2023-24,2023,2202.3
Maize,CAGR,2024-25,2024,2345.0
Maize,Holt,2022-23,2022,2033.0
Maize,Holt,2023-24,2023,2137.0
Maize,Holt,2024-25,2024,2241.0
Maize,"ARIMA(1,1,0)",2022-23,2022,1883.9
Maize,"ARIMA(1,1,0)",2023-24,2023,1893.5
Maize,"ARIMA(1,1,0)",2024-25,2024,1900.1
Maize,RandomForest,2022-23,2022,1856.7
Maize,RandomForest,2023-24,2023,1856.7
Maize,RandomForest,2024-25,2024,1856.7
Maize,GradBoost,2022-23,2022,1870.0
Maize,GradBoost,2023-24,2023,1870.0
Maize,GradBoost,2024-25,2024,1870.0
Maize,Ensemble,2022-23,2022,2033.0
Maize,Ensemble,2023-24,2023,2137.0
Maize,Ensemble,2024-25,2024,2241.0
Masur (Lentil),Naive,2022-23,2022,5500.0
Masur (Lentil),Naive,2023-24,2023,5500.0
Masur (Lentil),Naive,2024-25,2024,5500.0
Masur (Lentil),Drift,2022-23,2022,5812.5
Masur (Lentil),Drift,2023-24,2023,6125.0
Masur (Lentil),Drift,2024-25,2024,6437.5
Masur (Lentil),Linear,2022-23,2022,5762.5
Masur (Lentil),Linear,2023-24,2023,6075.0
Masur (Lentil),Linear,2024-25,2024,6387.5
Masur (Lentil),RidgePoly2,2022-23,2022,5893.5
Masur (Lentil),RidgePoly2,2023-24,2023,6398.5
Masur (Lentil),RidgePoly2,2024-25,2024,6967.4
Masur (Lentil),CAGR,2022-23,2022,5833.0
Masur (Lentil),CAGR,2023-24,2023,6222.4
Masur (Lentil),CAGR,2024-25,2024,6637.9
Masur (Lentil),Holt,2022-23,2022,5864.6
Masur (Lentil),Holt,2023-24,2023,6242.2
Masur (Lentil),Holt,2024-25,2024,6619.8
Masur (Lentil),"ARIMA(1,1,0)",2022-23,2022,5878.0
Masur (Lentil),"ARIMA(1,1,0)",2023-24,2023,6235.3
Masur (Lentil),"ARIMA(1,1,0)",2024-25,2024,6572.9
Masur (Lentil),RandomForest,2022-23,2022,5349.2
Masur (Lentil),RandomForest,2023-24,2023,5349.2
Masur (Lentil),RandomForest,2024-25,2024,5349.2
Masur (Lentil),GradBoost,2022-23,2022,5500.0
Masur (Lentil),GradBoost,2023-24,2023,5500.0
Masur (Lentil),GradBoost,2024-25,2024,5500.0
Masur (Lentil),Ensemble,2022-23,2022,5822.7
Masur (Lentil),Ensemble,2023-24,2023,6173.7
Masur (Lentil),Ensemble,2024-25,2024,6528.7
Moong,Naive,2022-23,2022,7275.0
Moong,Naive,2023-24,2023,7275.0
Moong,Naive,2024-25,2024,7275.0
Moong,Drift,2022-23,2022,7700.0
Moong,Drift,2023-24,2023,8125.0
Moong,Drift,2024-25,2024,8550.0
Moong,Linear,2022-23,2022,7900.5
Moong,Linear,2023-24,2023,8262.6
Moong,Linear,2024-25,2024,8624.7
Moong,RidgePoly2,2022-23,2022,7700.7
Moong,RidgePoly2,2023-24,2023,7986.5
Moong,RidgePoly2,2024-25,2024,8268.2
Moong,CAGR,2022-23,2022,8031.5
Moong,CAGR,2023-24,2023,8497.1
Moong,CAGR,2024-25,2024,8989.6
Moong,Holt,2022-23,2022,7436.8
Moong,Holt,2023-24,2023,7503.2
Moong,Holt,2024-25,2024,7569.6
Moong,"ARIMA(1,1,0)",2022-23,2022,7318.2
Moong,"ARIMA(1,1,0)",2023-24,2023,7341.8
Moong,"ARIMA(1,1,0)",2024-25,2024,7354.7
Moong,RandomForest,2022-23,2022,7238.8
Moong,RandomForest,2023-24,2023,7238.8
Moong,RandomForest,2024-25,2024,7238.8
Moong,GradBoost,2022-23,2022,7275.0
Moong,GradBoost,2023-24,2023,7275.0
Moong,GradBoost,2024-25,2024,7275.0
Moong,Ensemble,2022-23,2022,7800.2
Moong,Ensemble,2023-24,2023,8193.8
Moong,Ensemble,2024-25,2024,8587.3
Nigerseed,Naive,2022-23,2022,6930.0
Nigerseed,Naive,2023-24,2023,6930.0
Nigerseed,Naive,2024-25,2024,6930.0
Nigerseed,Drift,2022-23,2022,7650.0
Nigerseed,Drift,2023-24,2023,8370.0
Nigerseed,Drift,2024-25,2024,9090.0
Nigerseed,Linear,2022-23,2022,7871.8
Nigerseed,Linear,2023-24,2023,8529.6
Nigerseed,Linear,2024-25,2024,9187.4
Nigerseed,RidgePoly2,2022-23,2022,7768.7
Nigerseed,RidgePoly2,2023-24,2023,8509.2
Nigerseed,RidgePoly2,2024-25,2024,9299.9
Nigerseed,CAGR,2022-23,2022,8323.8
Nigerseed,CAGR,2023-24,2023,9389.4
Nigerseed,CAGR,2024-25,2024,10591.4
Nigerseed,Holt,2022-23,2022,7871.8
Nigerseed,Holt,2023-24,2023,8529.6
Nigerseed,Holt,2024-25,2024,9187.4
Nigerseed,"ARIMA(1,1,0)",2022-23,2022,7055.4
Nigerseed,"ARIMA(1,1,0)",2023-24,2023,7122.4
Nigerseed,"ARIMA(1,1,0)",2024-25,2024,7158.2
Nigerseed,RandomForest,2022-23,2022,6799.8
Nigerseed,RandomForest,2023-24,2023,6799.8
Nigerseed,RandomForest,2024-25,2024,6799.8
Nigerseed,GradBoost,2022-23,2022,6930.0
Nigerseed,GradBoost,2023-24,2023,6930.0
Nigerseed,GradBoost,2024-25,2024,6930.0
Nigerseed,Ensemble,2022-23,2022,7871.8
Nigerseed,Ensemble,2023-24,2023,8529.6
Nigerseed,Ensemble,2024-25,2024,9187.4
Paddy (Common),Naive,2022-23,2022,1940.0
Paddy (Common),Naive,2023-24,2023,1940.0
Paddy (Common),Naive,2024-25,2024,1940.0
Paddy (Common),Drift,2022-23,2022,2037.5
Paddy (Common),Drift,2023-24,2023,2135.0
Paddy (Common),Drift,2024-25,2024,2232.5
Paddy (Common),Linear,2022-23,2022,2054.0
Paddy (Common),Linear,2023-24,2023,2143.8
Paddy (Common),Linear,2024-25,2024,2233.6
Paddy (Common),RidgePoly2,2022-23,2022,2048.5
Paddy (Common),RidgePoly2,2023-24,2023,2157.0
Paddy (Common),RidgePoly2,2024-25,2024,2274.1
Paddy (Common),CAGR,2022-23,2022,2076.2
Paddy (Common),CAGR,2023-24,2023,2185.7
Paddy (Common),CAGR,2024-25,2024,2301.0
Paddy (Common),Holt,2022-23,2022,2054.0
Paddy (Common),Holt,2023-24,2023,2143.8
Paddy (Common),Holt,2024-25,2024,2233.6
Paddy (Common),"ARIMA(1,1,0)",2022-23,2022,1999.8
Paddy (Common),"ARIMA(1,1,0)",2023-24,2023,2049.5
Paddy (Common),"ARIMA(1,1,0)",2024-25,2024,2090.8
Paddy (Common),RandomForest,2022-23,2022,1912.9
Paddy (Common),RandomForest,2023-24,2023,1912.9
Paddy (Common),RandomForest,2024-25,2024,1912.9
Paddy (Common),GradBoost,2022-23,2022,1940.0
Paddy (Common),GradBoost,2023-24,2023,1940.0
Paddy (Common),GradBoost,2024-25,2024,1940.0
Paddy (Common),Ensemble,2022-23,2022,2054.0
Paddy (Common),Ensemble,2023-24,2023,2143.8
Paddy (Common),Ensemble,2024-25,2024,2233.6
Paddy (Grade 'A'),Naive,2022-23,2022,1960.0
Paddy (Grade 'A'),Naive,2023-24,2023,1960.0
Paddy (Grade 'A'),Naive,2024-25,2024,1960.0
Paddy (Grade 'A'),Drift,2022-23,2022,2052.5
Paddy (Grade 'A'),Drift,2023-24,2023,2145.0
Paddy (Grade 'A'),Drift,2024-25,2024,2237.5
Paddy (Grade 'A'),Linear,2022-23,2022,2066.0
Paddy (Grade 'A'),Linear,2023-24,2023,2151.8
Paddy (Grade 'A'),Linear,2024-25,2024,2237.6
Paddy (Grade 'A'),RidgePoly2,2022-23,2022,2064.1
Paddy (Grade 'A'),RidgePoly2,2023-24,2023,2170.6
Paddy (Grade 'A'),RidgePoly2,2024-25,2024,2286.1
Paddy (Grade 'A'),CAGR,2022-23,2022,2085.3
Paddy (Grade 'A'),CAGR,2023-24,2023,2188.5
Paddy (Grade 'A'),CAGR,2024-25,2024,2296.8
Paddy (Grade 'A'),Holt,2022-23,2022,2066.0
Paddy (Grade 'A'),Holt,2023-24,2023,2151.8
Paddy (Grade 'A'),Holt,2024-25,2024,2237.6
Paddy (Grade 'A'),"ARIMA(1,1,0)",2022-23,2022,2021.6
Paddy (Grade 'A'),"ARIMA(1,1,0)",2023-24,2023,2074.2
Paddy (Grade 'A'),"ARIMA(1,1,0)",2024-25,2024,2119.3
Paddy (Grade 'A'),RandomForest,2022-23,2022,1932.9
Paddy (Grade 'A'),RandomForest,2023-24,2023,1932.9
Paddy (Grade 'A'),RandomForest,2024-25,2024,1932.9
Paddy (Grade 'A'),GradBoost,2022-23,2022,1960.0
Paddy (Grade 'A'),GradBoost,2023-24,2023,1960.0
Paddy (Grade 'A'),GradBoost,2024-25,2024,1960.0
Paddy (Grade 'A'),Ensemble,2022-23,2022,2066.0
Paddy (Grade 'A'),Ensemble,2023-24,2023,2151.8
Paddy (Grade 'A'),Ensemble,2024-25,2024,2237.6
Ragi,Naive,2022-23,2022,3377.0
Ragi,Naive,2023-24,2023,3377.0
Ragi,Naive,2024-25,2024,3377.0
Ragi,Drift,2022-23,2022,3746.2
Ragi,Drift,2023-24,2023,4115.5
Ragi,Drift,2024-25,2024,4484.8
Ragi,Linear,2022-23,2022,3929.4
Ragi,Linear,2023-24,2023,4264.6
Ragi,Linear,2024-25,2024,4599.8
Ragi,RidgePoly2,2022-23,2022,3797.2
Ragi,RidgePoly2,2023-24,2023,4106.7
Ragi,RidgePoly2,2024-25,2024,4424.0
Ragi,CAGR,2022-23,2022,4204.5
Ragi,CAGR,2023-24,2023,4778.2
Ragi,CAGR,2024-25,2024,5430.1
Ragi,Holt,2022-23,2022,3746.2
Ragi,Holt,2023-24,2023,4115.5
Ragi,Holt,2024-25,2024,4484.7
Ragi,"ARIMA(1,1,0)",2022-23,2022,3459.0
Ragi,"ARIMA(1,1,0)",2023-24,2023,3541.0
Ragi,"ARIMA(1,1,0)",2024-25,2024,3623.0
Ragi,RandomForest,2022-23,2022,3338.7
Ragi,RandomForest,2023-24,2023,3338.7
Ragi,RandomForest,2024-25,2024,3338.7
Ragi,GradBoost,2022-23,2022,3377.0
Ragi,GradBoost,2023-24,2023,3377.0
Ragi,GradBoost,2024-25,2024,3377.0
Ragi,Ensemble,2022-23,2022,3837.8
Ragi,Ensemble,2023-24,2023,4190.1
Ragi,Ensemble,2024-25,2024,4542.3
Rapeseed/Mustard,Naive,2022-23,2022,5050.0
Rapeseed/Mustard,Naive,2023-24,2023,5050.0
Rapeseed/Mustard,Naive,2024-25,2024,5050.0
Rapeseed/Mustard,Drift,2022-23,2022,5312.5
Rapeseed/Mustard,Drift,2023-24,2023,5575.0
Rapeseed/Mustard,Drift,2024-25,2024,5837.5
Rapeseed/Mustard,Linear,2022-23,2022,5230.0
Rapeseed/Mustard,Linear,2023-24,2023,5485.0
Rapeseed/Mustard,Linear,2024-25,2024,5740.0
Rapeseed/Mustard,RidgePoly2,2022-23,2022,5352.9
Rapeseed/Mustard,RidgePoly2,2023-24,2023,5778.8
Rapeseed/Mustard,RidgePoly2,2024-25,2024,6260.3
Rapeseed/Mustard,CAGR,2022-23,2022,5277.1
Rapeseed/Mustard,CAGR,2023-24,2023,5585.5
Rapeseed/Mustard,CAGR,2024-25,2024,5911.9
Rapeseed/Mustard,Holt,2022-23,2022,5230.0
Rapeseed/Mustard,Holt,2023-24,2023,5485.0
Rapeseed/Mustard,Holt,2024-25,2024,5740.0
Rapeseed/Mustard,"ARIMA(1,1,0)",2022-23,2022,5415.9
Rapeseed/Mustard,"ARIMA(1,1,0)",2023-24,2023,5750.7
Rapeseed/Mustard,"ARIMA(1,1,0)",2024-25,2024,6056.9
Rapeseed/Mustard,RandomForest,2022-23,2022,4905.3
Rapeseed/Mustard,RandomForest,2023-24,2023,4905.3
Rapeseed/Mustard,RandomForest,2024-25,2024,4905.3
Rapeseed/Mustard,GradBoost,2022-23,2022,5050.0
Rapeseed/Mustard,GradBoost,2023-24,2023,5050.0
Rapeseed/Mustard,GradBoost,2024-25,2024,5050.0
Rapeseed/Mustard,Ensemble,2022-23,2022,5253.5
Rapeseed/Mustard,Ensemble,2023-24,2023,5530.0
Rapeseed/Mustard,Ensemble,2024-25,2024,5788.8
Safflower,Naive,2022-23,2022,5441.0
Safflower,Naive,2023-24,2023,5441.0
Safflower,Naive,2024-25,2024,5441.0
Safflower,Drift,2022-23,2022,5776.2
Safflower,Drift,2023-24,2023,6111.5
Safflower,Drift,2024-25,2024,6446.8
Safflower,Linear,2022-23,2022,5924.8
Safflower,Linear,2023-24,2023,6231.2
Safflower,Linear,2024-25,2024,6537.6
Safflower,RidgePoly2,2022-23,2022,5822.0
Safflower,RidgePoly2,2023-24,2023,6120.3
Safflower,RidgePoly2,2024-25,2024,6429.8
Safflower,CAGR,2022-23,2022,6035.4
Safflower,CAGR,2023-24,2023,6434.5
Safflower,CAGR,2024-25,2024,6860.0
Safflower,Holt,2022-23,2022,5776.2
Safflower,Holt,2023-24,2023,6111.5
Safflower,Holt,2024-25,2024,6446.7
Safflower,"ARIMA(1,1,0)",2022-23,2022,5525.5
Safflower,"ARIMA(1,1,0)",2023-24,2023,5588.2
Safflower,"ARIMA(1,1,0)",2024-25,2024,5634.6
Safflower,RandomForest,2022-23,2022,5394.9
Safflower,RandomForest,2023-24,2023,5394.9
Safflower,RandomForest,2024-25,2024,5394.9
Safflower,GradBoost,2022-23,2022,5441.0
Safflower,GradBoost,2023-24,2023,5441.0
Safflower,GradBoost,2024-25,2024,5441.0
Safflower,Ensemble,2022-23,2022,5850.5
Safflower,Ensemble,2023-24,2023,6171.3
Safflower,Ensemble,2024-25,2024,6492.2
Sesamum,Naive,2022-23,2022,7307.0
Sesamum,Naive,2023-24,2023,7307.0
Sesamum,Naive,2024-25,2024,7307.0
Sesamum,Drift,2022-23,2022,7808.8
Sesamum,Drift,2023-24,2023,8310.5
Sesamum,Drift,2024-25,2024,8812.2
Sesamum,Linear,2022-23,2022,7825.2
Sesamum,Linear,2023-24,2023,8287.2
Sesamum,Linear,2024-25,2024,8749.2
Sesamum,RidgePoly2,2022-23,2022,7859.0
Sesamum,RidgePoly2,2023-24,2023,8469.5
Sesamum,RidgePoly2,2024-25,2024,9138.8
Sesamum,CAGR,2022-23,2022,7981.5
Sesamum,CAGR,2023-24,2023,8590.1
Sesamum,CAGR,2024-25,2024,9245.1
Sesamum,Holt,2022-23,2022,7825.2
Sesamum,Holt,2023-24,2023,8287.2
Sesamum,Holt,2024-25,2024,8749.2
Sesamum,"ARIMA(1,1,0)",2022-23,2022,7621.8
Sesamum,"ARIMA(1,1,0)",2023-24,2023,7841.1
Sesamum,"ARIMA(1,1,0)",2024-25,2024,7993.9
Sesamum,RandomForest,2022-23,2022,7135.2
Sesamum,RandomForest,2023-24,2023,7135.2
Sesamum,RandomForest,2024-25,2024,7135.2
Sesamum,GradBoost,2022-23,2022,7307.0
Sesamum,GradBoost,2023-24,2023,7307.0
Sesamum,GradBoost,2024-25,2024,7307.0
Sesamum,Ensemble,2022-23,2022,7825.2
Sesamum,Ensemble,2023-24,2023,8298.9
Sesamum,Ensemble,2024-25,2024,8780.7
Soyabean (Yellow),Naive,2022-23,2022,3950.0
Soyabean (Yellow),Naive,2023-24,2023,3950.0
Soyabean (Yellow),Naive,2024-25,2024,3950.0
Soyabean (Yellow),Drift,2022-23,2022,4175.0
Soyabean (Yellow),Drift,2023-24,2023,4400.0
Soyabean (Yellow),Drift,2024-25,2024,4625.0
Soyabean (Yellow),Linear,2022-23,2022,4282.1
Soyabean (Yellow),Linear,2023-24,2023,4510.2
Soyabean (Yellow),Linear,2024-25,2024,4738.3
Soyabean (Yellow),RidgePoly2,2022-23,2022,4266.0
Soyabean (Yellow),RidgePoly2,2023-24,2023,4539.6
Soyabean (Yellow),RidgePoly2,2024-25,2024,4834.9
Soyabean (Yellow),CAGR,2022-23,2022,4352.2
Soyabean (Yellow),CAGR,2023-24,2023,4644.3
Soyabean (Yellow),CAGR,2024-25,2024,4956.0
Soyabean (Yellow),Holt,2022-23,2022,4282.1
Soyabean (Yellow),Holt,2023-24,2023,4510.2
Soyabean (Yellow),Holt,2024-25,2024,4738.3
Soyabean (Yellow),"ARIMA(1,1,0)",2022-23,2022,4013.5
Soyabean (Yellow),"ARIMA(1,1,0)",2023-24,2023,4071.1
Soyabean (Yellow),"ARIMA(1,1,0)",2024-25,2024,4123.4
Soyabean (Yellow),RandomForest,2022-23,2022,3913.3
Soyabean (Yellow),RandomForest,2023-24,2023,3913.3
Soyabean (Yellow),RandomForest,2024-25,2024,3913.3
Soyabean (Yellow),GradBoost,2022-23,2022,3950.0
Soyabean (Yellow),GradBoost,2023-24,2023,3950.0
Soyabean (Yellow),GradBoost,2024-25,2024,3950.0
Soyabean (Yellow),Ensemble,2022-23,2022,4282.1
Soyabean (Yellow),Ensemble,2023-24,2023,4510.2
Soyabean (Yellow),Ensemble,2024-25,2024,4738.3
Sunflower Seed,Naive,2022-23,2022,6015.0
Sunflower Seed,Naive,2023-24,2023,6015.0
Sunflower Seed,Naive,2024-25,2024,6015.0
Sunflower Seed,Drift,2022-23,2022,6493.8
Sunflower Seed,Drift,2023-24,2023,6972.5
Sunflower Seed,Drift,2024-25,2024,7451.2
Sunflower Seed,Linear,2022-23,2022,6705.7
Sunflower Seed,Linear,2023-24,2023,7138.4
Sunflower Seed,Linear,2024-25,2024,7571.1
Sunflower Seed,RidgePoly2,2022-23,2022,6553.9
Sunflower Seed,RidgePoly2,2023-24,2023,6969.6
Sunflower Seed,RidgePoly2,2024-25,2024,7399.5
Sunflower Seed,CAGR,2022-23,2022,6924.9
Sunflower Seed,CAGR,2023-24,2023,7542.9
Sunflower Seed,CAGR,2024-25,2024,8216.0
Sunflower Seed,Holt,2022-23,2022,6705.7
Sunflower Seed,Holt,2023-24,2023,7138.4
Sunflower Seed,Holt,2024-25,2024,7571.1
Sunflower Seed,"ARIMA(1,1,0)",2022-23,2022,6101.7
Sunflower Seed,"ARIMA(1,1,0)",2023-24,2023,6159.5
Sunflower Seed,"ARIMA(1,1,0)",2024-25,2024,6198.0
Sunflower Seed,RandomForest,2022-23,2022,5954.9
Sunflower Seed,RandomForest,2023-24,2023,5954.9
Sunflower Seed,RandomForest,2024-25,2024,5954.9
Sunflower Seed,GradBoost,2022-23,2022,6015.0
Sunflower Seed,GradBoost,2023-24,2023,6015.0
Sunflower Seed,GradBoost,2024-25,2024,6015.0
Sunflower Seed,Ensemble,2022-23,2022,6705.7
Sunflower Seed,Ensemble,2023-24,2023,7138.4
Sunflower Seed,Ensemble,2024-25,2024,7571.1
Toria,Naive,2022-23,2022,5050.0
Toria,Naive,2023-24,2023,5050.0
Toria,Naive,2024-25,2024,5050.0
Toria,Drift,2022-23,2022,5337.5
Toria,Drift,2023-24,2023,5625.0
Toria,Drift,2024-25,2024,5912.5
Toria,Linear,2022-23,2022,5271.0
Toria,Linear,2023-24,2023,5547.0
Toria,Linear,2024-25,2024,5823.0
Toria,RidgePoly2,2022-23,2022,5377.5
Toria,RidgePoly2,2023-24,2023,5815.7
Toria,RidgePoly2,2024-25,2024,6308.3
Toria,CAGR,2022-23,2022,5332.1
Toria,CAGR,2023-24,2023,5673.7
Toria,CAGR,2024-25,2024,6037.2
Toria,Holt,2022-23,2022,5271.0
Toria,Holt,2023-24,2023,5547.0
Toria,Holt,2024-25,2024,5823.0
Toria,"ARIMA(1,1,0)",2022-23,2022,5419.1
Toria,"ARIMA(1,1,0)",2023-24,2023,5759.6
Toria,"ARIMA(1,1,0)",2024-25,2024,6073.9
Toria,RandomForest,2022-23,2022,4905.3
Toria,RandomForest,2023-24,2023,4905.3
Toria,RandomForest,2024-25,2024,4905.3
Toria,GradBoost,2022-23,2022,5050.0
Toria,GradBoost,2023-24,2023,5050.0
Toria,GradBoost,2024-25,2024,5050.0
Toria,Ensemble,2022-23,2022,5301.5
Toria,Ensemble,2023-24,2023,5586.0
Toria,Ensemble,2024-25,2024,5867.8
Urad,Naive,2022-23,2022,6300.0
Urad,Naive,2023-24,2023,6300.0
Urad,Naive,2024-25,2024,6300.0
Urad,Drift,2022-23,2022,6525.0
Urad,Drift,2023-24,2023,6750.0
Urad,Drift,2024-25,2024,6975.0
Urad,Linear,2022-23,2022,6460.0
Urad,Linear,2023-24,2023,6680.0
Urad,Linear,2024-25,2024,6900.0
Urad,RidgePoly2,2022-23,2022,6572.6
Urad,RidgePoly2,2023-24,2023,6945.6
Urad,RidgePoly2,2024-25,2024,7368.0
Urad,CAGR,2022-23,2022,6485.5
Urad,CAGR,2023-24,2023,6734.9
Urad,CAGR,2024-25,2024,6993.9
Urad,Holt,2022-23,2022,6460.0
Urad,Holt,2023-24,2023,6680.0
Urad,Holt,2024-25,2024,6900.0
Urad,"ARIMA(1,1,0)",2022-23,2022,6544.3
Urad,"ARIMA(1,1,0)",2023-24,2023,6743.3
Urad,"ARIMA(1,1,0)",2024-25,2024,6905.3
Urad,RandomForest,2022-23,2022,6182.3
Urad,RandomForest,2023-24,2023,6182.3
Urad,RandomForest,2024-25,2024,6182.3
Urad,GradBoost,2022-23,2022,6300.0
Urad,GradBoost,2023-24,2023,6300.0
Urad,GradBoost,2024-25,2024,6300.0
Urad,Ensemble,2022-23,2022,6472.8
Urad,Ensemble,2023-24,2023,6707.5
Urad,Ensemble,2024-25,2024,6937.5
Wheat,Naive,2022-23,2022,2015.0
Wheat,Naive,2023-24,2023,2015.0
Wheat,Naive,2024-25,2024,2015.0
Wheat,Drift,2022-23,2022,2085.0
Wheat,Drift,2023-24,2023,2155.0
Wheat,Drift,2024-25,2024,2225.0
Wheat,Linear,2022-23,2022,2106.5
Wheat,Linear,2023-24,2023,2176.0
Wheat,Linear,2024-25,2024,2245.5
Wheat,RidgePoly2,2022-23,2022,2107.3
Wheat,RidgePoly2,2023-24,2023,2195.6
Wheat,RidgePoly2,2024-25,2024,2291.7
Wheat,CAGR,2022-23,2022,2117.8
Wheat,CAGR,2023-24,2023,2197.6
Wheat,CAGR,2024-25,2024,2280.5
Wheat,Holt,2022-23,2022,2106.5
Wheat,Holt,2023-24,2023,2176.0
Wheat,Holt,2024-25,2024,2245.5
Wheat,"ARIMA(1,1,0)",2022-23,2022,2053.2
Wheat,"ARIMA(1,1,0)",2023-24,2023,2089.5
Wheat,"ARIMA(1,1,0)",2024-25,2024,2124.2
Wheat,RandomForest,2022-23,2022,1998.1
Wheat,RandomForest,2023-24,2023,1998.1
Wheat,RandomForest,2024-25,2024,1998.1
Wheat,GradBoost,2022-23,2022,2015.0
Wheat,GradBoost,2023-24,2023,2015.0
Wheat,GradBoost,2024-25,2024,2015.0
Wheat,Ensemble,2022-23,2022,2106.5
Wheat,Ensemble,2023-24,2023,2176.0
Wheat,Ensemble,2024-25,2024,2245.5
Arhar(Tur),Selected,2022-23,2022,6539.1
Arhar(Tur),Selected,2023-24,2023,6867.8
Arhar(Tur),Selected,2024-25,2024,7238.3
Bajra,Selected,2022-23,2022,2311.5
Bajra,Selected,2023-24,2023,2349.3
Bajra,Selected,2024-25,2024,2372.5
Barley,Selected,2022-23,2022,1691.2
Barley,Selected,2023-24,2023,1747.5
Barley,Selected,2024-25,2024,1803.8
Copra (Ball),Selected,2022-23,2022,10696.9
Copra (Ball),Selected,2023-24,2023,10728.2
Copra (Ball),Selected,2024-25,2024,10738.3
Copra (Milling),Selected,2022-23,2022,10496.1
Copra (Milling),Selected,2023-24,2023,10565.4
Copra (Milling),Selected,2024-25,2024,10595.1
Cotton (Long Staple),Selected,2022-23,2022,6145.4
Cotton (Long Staple),Selected,2023-24,2023,6217.9
Cotton (Long Staple),Selected,2024-25,2024,6261.5
Cotton (Medium Staple),Selected,2022-23,2022,5855.3
Cotton (Medium Staple),Selected,2023-24,2023,5934.6
Cotton (Medium Staple),Selected,2024-25,2024,5983.2
De-Husked Coconut,Selected,2022-23,2022,2800.0
De-Husked Coconut,Selected,2023-24,2023,2800.0
De-Husked Coconut,Selected,2024-25,2024,2800.0
Gram,Selected,2022-23,2022,5487.0
Gram,Selected,2023-24,2023,5701.0
Gram,Selected,2024-25,2024,5915.0
Groundnut,Selected,2022-23,2022,5825.0
Groundnut,Selected,2023-24,2023,6100.0
Groundnut,Selected,2024-25,2024,6375.0
Jowar (Hybrid),Selected,2022-23,2022,2820.3
Jowar (Hybrid),Selected,2023-24,2023,2877.7
Jowar (Hybrid),Selected,2024-25,2024,2917.8
Jowar (Maldandi),Selected,2022-23,2022,2840.5
Jowar (Maldandi),Selected,2023-24,2023,2898.1
Jowar (Maldandi),Selected,2024-25,2024,2938.4
Jute,Selected,2022-23,2022,4790.2
Jute,Selected,2023-24,2023,5104.4
Jute,Selected,2024-25,2024,5439.2
Maize,Selected,2022-23,2022,1883.9
Maize,Selected,2023-24,2023,1893.5
Maize,Selected,2024-25,2024,1900.1
Masur (Lentil),Selected,2022-23,2022,5833.0
Masur (Lentil),Selected,2023-24,2023,6222.4
Masur (Lentil),Selected,2024-25,2024,6637.9
Moong,Selected,2022-23,2022,7318.2
Moong,Selected,2023-24,2023,7341.8
Moong,Selected,2024-25,2024,7354.7
Nigerseed,Selected,2022-23,2022,7650.0
Nigerseed,Selected,2023-24,2023,8370.0
Nigerseed,Selected,2024-25,2024,9090.0
Paddy (Common),Selected,2022-23,2022,1999.8
Paddy (Common),Selected,2023-24,2023,2049.5
Paddy (Common),Selected,2024-25,2024,2090.8
Paddy (Grade 'A'),Selected,2022-23,2022,2021.6
Paddy (Grade 'A'),Selected,2023-24,2023,2074.2
Paddy (Grade 'A'),Selected,2024-25,2024,2119.3
Ragi,Selected,2022-23,2022,3459.0
Ragi,Selected,2023-24,2023,3541.0
Ragi,Selected,2024-25,2024,3623.0
Rapeseed/Mustard,Selected,2022-23,2022,5352.9
Rapeseed/Mustard,Selected,2023-24,2023,5778.8
Rapeseed/Mustard,Selected,2024-25,2024,6260.3
Safflower,Selected,2022-23,2022,5525.5
Safflower,Selected,2023-24,2023,5588.2
Safflower,Selected,2024-25,2024,5634.6
Sesamum,Selected,2022-23,2022,7808.8
Sesamum,Selected,2023-24,2023,8310.5
Sesamum,Selected,2024-25,2024,8812.2
Soyabean (Yellow),Selected,2022-23,2022,3950.0
Soyabean (Yellow),Selected,2023-24,2023,3950.0
Soyabean (Yellow),Selected,2024-25,2024,3950.0
Sunflower Seed,Selected,2022-23,2022,6101.7
Sunflower Seed,Selected,2023-24,2023,6159.5
Sunflower Seed,Selected,2024-25,2024,6198.0
Toria,Selected,2022-23,2022,5332.1
Toria,Selected,2023-24,2023,5673.7
Toria,Selected,2024-25,2024,6037.2
Urad,Selected,2022-23,2022,6572.6
Urad,Selected,2023-24,2023,6945.6
Urad,Selected,2024-25,2024,7368.0
Wheat,Selected,2022-23,2022,2053.2
Wheat,Selected,2023-24,2023,2089.5
Wheat,Selected,2024-25,2024,2124.2
